fixed acidity,volatile acidity,citric acid,residual sugar,chlorides,free sulfur dioxide,total sulfur dioxide,density,pH,sulphates,alcohol,quality
9.37,0.739,0.255,0.97,0.078,44,88,0.99626,3.11,0.58,8.4,4
8.34,0.433,0.16,1.77,0.121,34,41,0.99823,3.17,0.96,10.3,5
7.06,0.44,0.77,2.25,0.066,18,26,0.99589,3.54,0.98,11.35,7
9.82,0.758,0.303,1.79,0.038,39,48,0.99591,3.34,0.52,9.47,4
9.42,0.61,0.219,2.37,0.065,30,40,0.99599,3.37,0.59,8.4,4
6.62,0.313,0.44,2.34,0.07,14,48,0.9969,3.37,0.89,8.4,5
7.71,0.689,0.346,2.64,0.097,9,28,0.99603,3.35,0.92,10.17,5
6.48,0.64,0.464,1.87,0.04,5,43,0.99611,3.24,0.93,11.46,6
6.18,0.789,0.444,2.27,0.064,15,25,0.99695,3.48,0.46,11.1,6
11.14,0.336,0.306,2.7,0.115,24,53,0.99778,3.19,0.62,10.65,5
7.74,0.602,0.658,1.9,0.077,42,55,0.99545,3.29,0.44,11.94,6
9.37,0.462,0.193,1.76,0.048,29,61,0.99648,3.47,0.43,10.19,4
8.82,0.639,0.233,2.26,0.131,17,34,0.99749,3.2,0.66,9.86,4
8.4,0.385,0.0,3.31,0.044,20,36,0.99615,3.46,0.41,10.21,5
6.63,0.454,0.003,2.14,0.041,14,51,0.99583,3.4,0.65,11.03,6
6.68,0.543,0.521,3.91,0.072,16,49,0.99717,3.49,0.48,9.81,5
9.01,0.604,0.18,4.84,0.031,13,31,0.99735,3.16,0.68,10.14,5
10.11,0.489,0.583,2.13,0.053,11,25,0.99638,3.49,0.68,9.27,5
5.36,0.834,0.33,2.95,0.12,26,73,0.99777,3.52,0.69,9.07,5
6.8,0.437,0.0,1.93,0.076,16,78,0.99651,3.38,0.79,9.11,6
7.98,0.544,0.534,1.42,0.048,32,81,0.9957,3.11,0.8,10.72,6
9.97,0.684,0.122,1.22,0.115,7,15,0.99574,3.32,0.4,9.16,5
9.16,0.551,0.211,1.42,0.093,20,40,0.9955,3.19,0.6,12.05,6
9.6,0.52,0.0,2.49,0.09,16,39,0.99642,3.08,0.78,8.4,5
8.69,0.275,0.069,4.84,0.079,6,67,0.99747,3.39,0.33,11.75,6
6.78,0.75,0.0,1.35,0.047,11,16,0.99696,3.43,0.95,10.91,4
8.08,0.267,0.298,5.34,0.117,8,18,0.99715,3.37,0.38,9.84,5
10.33,0.595,0.413,2.92,0.096,18,64,0.99715,3.46,0.59,11.1,6
8.58,0.4,0.354,1.75,0.078,23,65,0.9965,3.34,0.53,11.27,6
6.34,0.294,0.46,1.07,0.097,38,49,0.99508,3.34,0.58,9.93,5
10.56,0.509,0.445,2.12,0.147,9,31,0.99628,3.27,0.52,10.63,5
9.03,0.456,0.549,2.02,0.1,26,34,0.99402,3.09,0.97,9.05,5
9.47,0.432,0.459,2.01,0.05,24,90,0.99677,3.2,0.66,9.35,5
11.45,0.551,0.465,1.76,0.05,14,33,0.99694,3.25,0.45,9.33,5
7.42,0.383,0.215,1.5,0.112,35,82,0.99491,3.41,0.51,10.65,7
7.21,0.452,0.267,3.58,0.076,26,67,0.99666,3.26,0.62,9.62,5
4.6,0.665,0.0,2.76,0.092,30,107,0.99498,3.34,0.72,9.77,5
8.54,0.747,0.166,1.43,0.073,8,25,0.99562,3.12,0.87,8.85,5
9.27,0.388,0.108,3.65,0.076,11,54,0.99685,3.16,0.71,10.94,7
8.26,0.606,0.508,3.88,0.142,7,67,0.99611,3.34,0.67,10.9,6
8.32,0.596,0.383,1.46,0.072,25,30,0.99639,3.39,0.62,10.22,5
9.8,0.437,0.312,1.76,0.134,10,69,0.99835,3.21,0.96,12.39,7
8.97,0.644,0.0,1.44,0.12,19,52,0.995,3.42,0.71,9.09,4
8.96,0.722,0.595,3.3,0.1,28,71,0.99652,3.04,0.7,10.19,4
8.19,0.792,0.479,2.62,0.095,8,29,0.99858,3.44,0.8,9.49,5
8.23,0.958,0.31,3.47,0.106,5,62,0.99716,3.24,0.69,9.6,4
9.97,0.444,0.349,1.15,0.096,18,41,0.99786,3.32,0.93,8.82,5
8.15,0.659,0.604,1.29,0.075,26,41,0.998,3.31,0.54,8.4,4
7.63,0.175,0.241,0.9,0.057,10,22,0.99628,3.27,0.85,11.6,6
7.42,0.781,0.21,1.81,0.153,3,19,0.99554,3.34,0.71,10.36,4
8.11,0.49,0.295,1.17,0.084,19,72,0.99448,3.47,0.57,10.67,5
8.6,0.357,0.32,1.25,0.187,14,81,0.99613,3.14,0.88,10.11,5
9.12,0.52,0.155,1.74,0.07,11,35,0.99637,3.27,0.7,9.96,5
8.51,0.588,0.37,1.67,0.097,16,35,0.99799,3.3,0.55,10.35,5
7.77,0.465,0.91,2.19,0.051,14,41,0.99625,3.13,0.66,10.09,5
5.69,0.711,0.0,1.39,0.052,45,73,0.99671,3.52,0.45,10.35,5
9.29,0.314,0.197,2.87,0.091,26,28,0.99655,3.48,0.74,12.26,6
6.71,0.278,0.275,1.85,0.033,6,25,0.99731,3.42,0.68,10.41,6
8.04,0.241,0.277,1.45,0.077,13,15,0.99521,3.3,0.55,11.48,5
10.21,0.583,0.296,2.26,0.086,10,61,0.99607,3.41,0.68,8.4,5
8.7,0.603,0.366,3.22,0.101,29,62,0.99628,3.32,0.76,10.99,6
7.0,0.7,0.038,4.5,0.052,16,52,0.99682,3.25,0.83,8.4,4
9.43,0.924,0.209,2.28,0.066,10,69,0.99823,3.15,0.55,10.56,5
7.87,0.765,0.256,3.1,0.064,29,51,0.99717,3.28,0.49,9.93,5
7.53,0.575,0.023,2.51,0.119,15,34,0.9968,3.1,0.68,9.61,5
10.29,0.633,0.333,5.69,0.087,11,82,0.99876,3.41,0.46,11.01,5
9.38,0.694,0.244,2.14,0.079,8,27,0.99701,3.33,0.56,11.48,7
13.4,0.326,0.518,1.45,0.052,13,34,0.99609,3.13,0.76,10.2,6
6.57,0.617,0.06,2.09,0.057,1,31,0.99707,3.45,0.73,9.71,5
8.32,0.557,0.076,1.25,0.093,22,33,0.99536,3.3,0.51,8.64,4
9.0,0.539,0.0,3.49,0.076,4,51,0.99747,2.99,0.67,9.77,5
10.42,0.62,0.567,2.02,0.103,19,59,0.99705,3.36,0.58,10.04,6
7.9,0.422,0.058,1.06,0.095,16,56,0.99447,3.38,0.7,11.76,6
10.85,0.586,0.128,2.29,0.074,25,37,0.99592,3.36,0.48,10.58,5
8.57,0.66,0.251,3.86,0.063,15,40,0.99589,3.34,0.77,10.77,6
7.17,0.474,0.517,1.62,0.064,9,39,0.99553,3.56,0.86,10.63,5
8.09,0.228,0.218,2.84,0.058,13,49,0.99739,3.12,0.65,10.0,6
8.27,0.328,0.0,5.07,0.098,4,31,0.99856,3.34,0.72,10.0,5
8.14,0.464,0.0,2.93,0.101,24,70,0.99753,3.4,0.76,9.88,4
7.4,0.827,0.424,2.28,0.074,28,38,0.9972,3.35,0.56,9.36,4
8.01,0.724,0.427,3.89,0.057,9,21,0.99835,3.42,0.47,10.41,5
9.92,0.483,0.18,1.59,0.061,26,53,0.9961,3.32,0.58,10.34,5
9.77,0.615,0.084,3.87,0.065,5,15,0.99665,3.1,0.62,10.69,5
11.39,0.382,0.513,3.44,0.055,31,37,0.99743,3.27,0.75,10.34,6
7.03,0.681,0.348,2.18,0.066,7,44,0.99678,3.19,0.51,12.03,5
6.68,0.537,0.327,2.39,0.081,29,74,0.99733,3.36,0.71,11.49,5
11.74,0.406,0.174,1.93,0.087,16,50,0.99569,3.07,0.53,8.4,4
8.98,0.626,0.0,1.49,0.064,16,24,0.99496,3.38,0.4,10.42,6
9.01,0.433,0.48,3.43,0.116,13,63,0.99667,3.52,0.97,10.57,6
6.99,0.706,0.483,2.71,0.082,15,55,0.99629,3.42,0.62,11.33,5
9.0,0.746,0.0,2.4,0.08,41,49,0.9951,3.1,0.61,10.85,5
8.46,0.775,0.351,2.65,0.104,6,46,0.99686,3.45,0.92,9.34,5
8.4,0.427,0.197,2.61,0.118,11,95,0.99584,3.47,0.53,10.86,6
10.26,0.352,0.078,5.31,0.127,13,76,0.99765,3.3,0.72,9.74,5
7.07,0.465,0.314,2.06,0.064,8,52,0.99528,3.25,0.63,11.66,6
8.61,0.345,0.303,1.07,0.058,7,18,0.99428,3.0,0.63,11.9,5
5.54,0.777,0.118,2.38,0.032,33,39,0.99594,3.47,0.33,10.49,4
9.04,0.315,0.027,3.0,0.082,3,34,0.99689,3.34,0.63,9.42,5
6.56,0.12,0.213,1.29,0.066,12,77,0.99631,3.41,0.48,11.13,6
11.22,0.368,0.0,4.19,0.05,16,57,0.99576,3.48,0.69,11.01,6
6.17,0.309,0.443,1.8,0.104,6,11,0.99702,3.2,0.5,12.39,6
10.92,0.502,0.315,1.69,0.062,19,147,0.99673,3.25,0.74,10.31,6
6.98,0.569,0.295,2.76,0.072,13,50,0.99548,3.25,0.56,10.18,5
5.74,0.515,0.398,1.57,0.095,16,23,0.99679,3.33,0.84,10.37,6
8.66,0.465,0.536,4.3,0.073,18,24,0.99691,3.28,0.33,9.85,5
8.67,0.691,0.517,1.22,0.06,16,38,0.99648,3.47,0.56,11.17,5
6.78,0.502,0.473,1.41,0.12,6,19,0.99618,3.12,0.53,11.05,6
6.28,0.754,0.374,1.55,0.105,25,56,0.9949,3.33,0.81,10.59,5
4.6,0.539,0.0,1.28,0.03,32,40,0.99534,3.41,0.76,9.84,5
7.77,0.368,0.217,2.82,0.047,8,51,0.99622,3.2,0.61,11.05,5
8.85,0.782,0.31,2.2,0.117,28,51,0.99646,3.29,0.66,9.66,5
5.06,0.398,0.616,2.64,0.065,7,21,0.99661,3.47,0.92,11.07,7
8.51,0.545,0.328,1.7,0.033,8,31,0.99644,3.2,0.71,11.79,7
10.87,0.984,0.41,2.68,0.118,7,26,0.99669,3.23,0.83,8.88,3
5.48,0.527,0.448,1.67,0.064,3,19,0.99611,3.6,0.77,9.8,5
9.21,0.44,0.023,6.52,0.123,14,43,0.9972,3.16,0.6,9.93,6
9.18,0.471,0.057,2.99,0.061,5,45,0.99736,3.46,0.51,9.55,4
7.32,0.539,0.533,1.78,0.09,20,39,0.99717,3.46,0.75,11.2,6
8.82,0.445,0.237,2.32,0.112,20,58,0.99587,3.23,0.44,11.6,5
6.53,0.33,0.227,2.29,0.056,30,52,0.99497,3.56,0.52,9.96,5
9.02,0.46,0.093,0.99,0.058,9,50,0.99721,3.56,0.79,8.84,5
10.89,0.68,0.367,2.03,0.067,4,25,0.99577,3.09,0.46,11.79,6
7.75,0.569,0.0,2.13,0.075,15,51,0.99636,3.27,0.8,9.78,4
7.3,0.59,0.174,2.47,0.07,12,28,0.99752,3.43,0.76,10.93,6
5.08,0.868,0.196,2.69,0.064,25,58,0.99631,3.28,0.58,9.77,4
11.29,0.388,0.552,2.58,0.056,13,27,0.99665,2.89,0.52,10.25,6
11.3,0.655,0.115,2.43,0.079,9,39,0.99802,3.02,0.33,9.48,5
7.5,0.709,0.0,4.38,0.11,13,25,0.99797,3.24,0.85,9.33,5
8.44,0.576,0.3,2.17,0.077,13,39,0.99583,3.31,0.67,9.75,5
8.15,0.499,0.057,2.54,0.097,9,27,0.99675,3.31,1.02,10.75,5
10.48,0.686,0.197,3.06,0.099,2,45,0.99544,3.0,0.61,11.17,6
5.79,0.727,0.47,2.51,0.072,3,16,0.99584,3.55,0.5,10.67,6
9.38,0.376,0.0,2.14,0.111,11,26,0.99674,3.4,0.55,10.83,6
4.69,0.875,0.401,1.4,0.07,31,65,0.9958,3.47,0.69,10.54,5
9.35,0.667,0.566,2.09,0.037,12,39,0.9975,3.27,0.47,10.12,5
7.11,0.839,0.325,2.39,0.05,29,42,0.99576,3.29,0.56,10.35,4
10.39,0.698,0.23,3.14,0.06,8,45,0.99528,3.21,0.89,11.53,6
9.18,0.642,0.471,2.3,0.069,4,31,0.9959,3.43,0.97,9.53,6
7.32,0.505,0.195,2.52,0.092,13,31,0.99581,3.28,0.9,9.61,5
7.12,0.587,0.131,3.17,0.052,11,33,0.99611,3.25,0.85,10.01,5
6.39,0.611,0.288,1.68,0.079,19,97,0.99697,3.33,0.75,9.08,5
10.99,0.367,0.399,4.19,0.072,9,68,0.99767,3.04,0.58,9.93,5
10.0,0.752,0.452,2.96,0.076,25,62,0.9965,3.33,0.68,9.35,5
7.33,0.462,0.382,2.42,0.06,11,27,0.99709,3.37,0.92,10.14,5
6.17,0.534,0.119,5.01,0.115,20,47,0.99927,3.25,0.93,11.04,6
9.09,0.595,0.0,1.81,0.058,14,75,0.99579,3.21,0.6,8.87,6
8.32,0.381,0.364,2.36,0.116,9,20,0.99651,3.27,0.91,10.21,6
7.52,0.439,0.256,2.25,0.029,7,32,0.99538,3.39,0.74,11.17,7
8.49,0.79,0.197,1.48,0.09,19,46,0.99721,3.25,0.93,8.96,4
9.36,0.639,0.171,4.59,0.073,24,86,0.99666,3.15,0.53,8.99,5
8.26,0.312,0.045,1.7,0.059,9,46,0.99488,3.1,0.75,11.45,6
9.3,0.366,0.607,1.66,0.095,7,30,0.99676,3.25,0.86,11.81,6
8.29,0.531,0.0,1.11,0.073,13,24,0.99729,3.32,0.68,10.18,5
8.74,0.187,0.761,1.9,0.067,48,90,0.99537,3.41,0.33,9.69,6
7.43,0.58,0.04,1.78,0.039,14,83,0.99572,3.37,0.44,9.06,4
9.57,0.602,0.162,0.97,0.063,14,19,0.99573,3.29,0.65,11.5,6
8.55,0.413,0.153,3.01,0.073,22,88,0.997,3.13,0.48,9.37,6
7.81,0.519,0.0,3.36,0.053,4,34,0.9971,3.35,0.64,12.0,6
8.6,0.36,0.0,2.08,0.06,20,42,0.99657,3.31,0.73,11.95,6
7.93,0.403,0.002,3.17,0.088,20,42,0.99816,3.58,0.33,11.04,5
8.0,0.62,0.437,2.07,0.085,21,131,0.99621,3.43,0.33,10.12,4
9.14,0.421,0.387,7.75,0.087,14,24,0.99921,3.2,0.64,9.62,5
9.7,0.343,0.203,1.72,0.105,1,72,0.99483,3.33,0.89,12.6,6
5.69,0.575,0.435,2.06,0.113,6,61,0.99738,3.35,0.83,10.42,5
8.0,0.672,0.134,1.13,0.077,8,26,0.99625,3.47,0.66,10.41,6
8.43,0.433,0.472,2.65,0.075,20,88,0.99695,3.32,0.79,11.23,6
6.51,0.518,0.089,2.04,0.115,8,20,0.99671,3.41,0.86,11.87,6
9.0,0.706,0.072,1.92,0.063,18,88,0.99581,3.22,0.73,10.97,6
7.92,0.692,0.449,2.46,0.052,14,30,0.99704,3.21,0.7,11.35,5
7.44,0.12,0.002,2.47,0.149,24,96,0.9959,3.44,0.34,9.18,4
5.47,0.629,0.029,1.64,0.144,11,26,0.99548,3.55,0.92,8.4,5
5.99,0.8,0.0,1.77,0.098,21,53,0.99667,3.37,0.71,12.34,7
8.45,0.718,0.0,2.35,0.055,28,35,0.99635,3.32,0.82,11.96,5
11.17,0.494,0.192,3.57,0.084,16,28,0.99579,3.04,0.59,9.39,5
7.63,0.769,0.0,3.53,0.072,14,28,0.99503,3.48,0.74,9.83,5
4.94,0.252,0.362,1.46,0.045,5,83,0.9963,3.45,0.89,9.83,5
10.28,0.568,0.191,2.87,0.086,11,28,0.9963,3.36,0.61,10.09,5
8.58,0.53,0.611,3.11,0.105,20,33,0.99597,3.07,0.93,8.83,5
10.17,0.656,0.411,3.96,0.077,7,21,0.9971,3.28,0.79,9.75,4
7.29,0.16,0.275,1.73,0.081,45,68,0.99515,3.36,0.62,10.58,6
9.68,0.436,0.317,2.69,0.084,11,26,0.99598,3.12,0.55,10.16,6
8.86,0.422,0.0,2.19,0.057,8,26,0.99638,3.22,0.34,12.12,5
6.3,0.657,0.382,2.38,0.103,31,44,0.99693,3.4,0.54,10.49,5
7.73,0.496,0.063,2.04,0.09,11,14,0.99603,3.29,0.59,10.38,5
8.5,0.533,0.073,1.71,0.046,12,45,0.9956,3.25,0.58,10.52,5
6.9,0.462,0.204,2.53,0.092,12,23,0.99675,3.21,0.56,10.75,4
10.21,0.556,0.0,2.25,0.046,13,38,0.99641,3.31,0.56,10.48,5
7.66,0.73,0.438,1.75,0.077,8,53,0.99615,3.36,0.67,10.64,6
9.72,0.499,0.55,3.49,0.111,8,52,0.99718,3.35,0.33,11.62,7
7.92,0.426,0.0,3.86,0.116,8,46,0.99745,3.38,0.83,11.58,6
9.34,0.418,0.355,2.82,0.064,20,43,0.99736,3.2,0.59,9.08,5
9.21,0.637,0.153,1.17,0.11,31,59,0.99521,3.15,0.74,9.1,5
5.25,0.711,0.343,1.27,0.067,4,32,0.99806,3.29,0.58,10.9,5
7.91,0.445,0.347,2.51,0.09,48,116,0.99534,3.22,0.74,11.19,5
9.48,0.569,0.526,1.66,0.089,10,33,0.99616,3.32,0.92,8.4,5
7.76,0.308,0.347,2.55,0.1,36,57,0.99749,3.53,0.68,9.98,5
10.74,0.651,0.115,3.33,0.099,15,34,0.99847,3.21,0.81,11.28,6
10.39,0.602,0.143,1.92,0.053,9,23,0.99744,3.22,0.49,11.76,7
7.07,0.252,0.247,4.13,0.06,23,68,0.99777,3.28,0.64,10.22,6
8.6,0.465,0.467,5.16,0.078,21,63,0.99677,3.38,0.49,10.85,6
9.22,0.569,0.425,2.5,0.082,10,16,0.996,3.46,0.38,9.48,5
7.26,0.276,0.217,3.37,0.118,13,35,0.99668,3.38,0.64,8.4,4
11.0,0.827,0.304,1.95,0.117,22,95,0.99602,3.03,0.85,9.14,4
9.61,0.578,0.264,2.8,0.079,11,31,0.99714,3.37,0.56,10.91,6
8.48,0.246,0.081,3.01,0.061,19,41,0.99556,3.27,1.21,11.4,7
7.08,0.142,0.048,2.51,0.055,23,28,0.99687,3.61,0.65,10.07,6
6.97,0.528,0.462,0.9,0.081,7,56,0.99671,3.32,0.57,10.0,5
7.14,0.45,0.0,3.47,0.133,2,30,0.99758,3.33,0.65,8.94,5
9.6,0.545,0.233,1.74,0.063,11,96,0.99637,3.18,0.68,11.92,6
6.95,0.448,0.499,0.91,0.081,15,87,0.99544,3.48,0.7,11.61,6
9.77,0.18,0.0,2.65,0.112,6,36,0.99707,3.27,0.4,10.92,6
12.07,0.679,0.214,2.45,0.073,5,26,0.99703,3.05,0.33,10.57,5
6.18,0.695,0.671,1.92,0.07,18,20,0.99562,3.31,0.62,12.29,7
7.3,0.958,0.444,1.56,0.084,5,21,0.99757,3.29,0.8,9.65,3
10.12,0.634,0.285,1.8,0.104,22,29,0.99668,3.36,0.68,10.35,5
8.78,0.758,0.205,2.58,0.074,6,75,0.99541,3.14,0.78,9.68,6
6.94,0.786,0.113,3.45,0.034,8,38,0.99563,3.5,0.72,10.94,5
8.23,0.578,0.315,1.94,0.046,18,31,0.99687,3.49,0.67,10.47,6
8.26,0.498,0.302,1.03,0.061,18,41,0.99649,3.32,0.4,12.28,6
9.51,0.451,0.077,2.48,0.063,11,78,0.99714,3.32,0.4,9.8,5
6.92,0.645,0.228,1.37,0.086,45,118,0.99562,3.31,0.55,9.93,5
7.89,0.479,0.0,4.4,0.147,9,62,0.99785,3.33,0.59,9.73,5
8.1,0.669,0.0,1.76,0.083,6,23,0.99622,3.48,0.77,10.58,5
8.89,0.674,0.309,1.89,0.083,11,58,0.9961,3.34,0.85,10.55,6
7.96,0.566,0.094,2.43,0.059,4,48,0.99668,3.39,0.73,10.1,6
5.96,0.645,0.326,1.3,0.054,4,45,0.99564,3.45,0.47,9.63,5
6.21,0.366,0.203,2.09,0.079,13,52,0.99727,3.31,0.81,11.36,5
10.27,0.638,0.298,2.7,0.15,8,71,0.99742,3.39,0.77,11.26,5
7.54,0.451,0.489,2.34,0.061,1,46,0.99606,3.49,0.6,12.55,7
8.49,0.569,0.226,2.25,0.039,16,31,0.99613,3.2,0.7,9.34,5
8.36,0.387,0.07,3.11,0.043,7,37,0.99701,3.33,0.57,12.5,6
8.92,0.7,0.144,4.05,0.065,5,53,0.9967,3.46,0.63,11.55,7
10.5,0.51,0.011,1.98,0.082,13,59,0.99548,3.09,0.82,10.43,5
8.38,0.733,0.454,0.9,0.079,63,73,0.99574,3.48,0.85,12.37,6
9.6,0.313,0.476,0.92,0.052,7,25,0.99591,3.13,0.56,10.36,5
9.15,0.306,0.258,2.93,0.062,19,49,0.99718,3.26,0.74,11.2,6
8.75,0.445,0.224,2.22,0.089,24,77,0.99633,3.16,0.48,10.88,5
6.56,0.339,0.472,2.77,0.03,19,81,0.99605,3.63,0.68,10.7,7
7.61,0.629,0.158,1.85,0.073,14,65,0.99657,3.43,0.72,9.34,5
9.82,0.419,0.041,4.82,0.083,17,28,0.99747,3.17,0.62,11.18,5
7.82,0.392,0.272,1.57,0.06,7,25,0.99613,3.4,0.48,10.21,5
7.77,0.596,0.347,3.9,0.101,15,31,0.99762,3.36,0.47,8.75,5
7.88,0.665,0.3,2.49,0.118,18,38,0.9959,3.19,0.75,9.8,6
6.39,0.856,0.518,0.9,0.066,18,31,0.9966,3.45,0.52,9.95,5
7.0,0.433,0.366,2.61,0.086,7,12,0.99587,3.59,0.67,11.97,6
8.64,0.412,0.154,2.7,0.077,18,105,0.99674,3.17,0.61,10.59,6
6.9,0.12,0.303,4.22,0.062,2,38,0.99762,3.37,0.95,8.4,6
6.28,0.576,0.083,2.25,0.053,37,125,0.99703,3.45,0.54,9.29,5
9.47,0.406,0.272,2.14,0.082,20,62,0.99722,3.34,0.66,9.96,6
9.63,0.691,0.105,2.22,0.055,23,65,0.99522,3.19,0.47,10.05,4
8.21,0.69,0.408,1.11,0.065,16,34,0.99554,3.27,0.77,11.26,6
6.71,0.663,0.399,3.42,0.105,15,40,0.99497,3.46,0.66,10.6,6
9.89,0.371,0.234,2.91,0.128,14,23,0.99665,3.11,1.0,9.67,5
8.99,0.473,0.511,2.43,0.149,21,41,0.99739,3.4,0.67,11.03,5
5.79,0.484,0.353,2.67,0.036,9,73,0.99704,3.34,0.33,11.53,6
6.78,0.648,0.146,0.9,0.069,9,29,0.99344,3.48,0.87,10.54,6
5.98,0.496,0.46,2.7,0.058,23,36,0.99747,3.52,0.67,12.06,6
4.99,0.498,0.319,1.52,0.083,23,35,0.99521,3.5,1.04,9.26,5
10.32,0.592,0.452,1.83,0.058,22,28,0.99605,3.15,0.76,8.47,4
10.56,0.505,0.439,2.31,0.045,11,74,0.99613,3.41,0.74,11.7,6
4.87,0.467,0.705,3.68,0.064,33,54,0.99563,3.51,0.83,12.27,6
9.12,0.745,0.255,2.1,0.117,2,48,0.99736,3.3,0.52,10.97,5
7.98,0.449,0.499,3.02,0.058,12,39,0.99759,3.33,0.52,10.17,6
8.64,0.503,0.055,3.22,0.097,16,57,0.99655,3.42,0.56,8.4,4
9.52,0.495,0.109,2.06,0.073,4,38,0.99676,3.42,0.61,11.5,7
9.56,0.844,0.331,2.19,0.091,16,117,0.99638,3.17,0.63,10.92,4
8.2,0.233,0.086,2.06,0.047,8,19,0.99674,3.51,0.42,10.13,5
7.3,0.595,0.368,4.22,0.117,15,44,0.99696,3.3,0.54,11.74,5
9.2,0.582,0.012,2.37,0.093,5,28,0.99496,3.26,0.93,11.92,5
11.02,0.445,0.0,2.56,0.187,25,53,0.9964,3.03,0.81,9.73,5
6.13,0.512,0.294,2.99,0.084,4,18,0.99568,3.24,0.74,10.97,6
6.98,0.5,0.334,4.03,0.066,27,78,0.99618,3.34,0.83,10.72,6
7.89,0.666,0.679,3.57,0.05,12,41,0.99701,3.24,0.48,11.54,5
6.8,0.285,0.218,1.53,0.153,16,52,0.9956,3.28,0.49,8.89,5
7.53,0.473,0.169,0.9,0.101,21,61,0.99463,3.22,0.45,9.68,5
9.61,0.123,0.322,2.12,0.077,5,45,0.9957,3.24,0.37,10.04,6
8.79,0.269,0.341,3.11,0.068,15,29,0.99692,3.45,0.39,11.12,6
7.9,0.71,0.384,2.33,0.069,9,38,0.99451,3.5,0.4,9.29,4
8.13,0.795,0.0,3.01,0.067,35,50,0.99658,3.35,0.46,10.17,5
6.97,0.323,0.096,2.06,0.05,15,28,0.99645,3.34,0.62,11.06,6
9.37,0.179,0.095,2.19,0.13,7,15,0.996,3.27,0.88,10.87,6
7.34,0.303,0.156,3.03,0.107,3,20,0.99671,3.39,0.61,10.45,5
6.41,0.504,0.402,4.77,0.073,13,73,0.99823,3.59,0.71,8.4,4
7.28,0.883,0.612,1.63,0.075,17,38,0.99721,3.35,0.95,9.56,5
8.13,0.399,0.421,4.31,0.053,10,53,0.99513,3.43,0.72,10.73,7
10.52,0.514,0.327,5.12,0.076,12,31,0.99691,3.23,0.5,11.27,5
8.07,0.623,0.326,3.92,0.082,14,33,0.99739,3.29,0.33,9.28,5
7.46,0.604,0.073,3.43,0.072,24,43,0.99647,3.38,0.67,11.34,5
11.55,0.483,0.066,2.32,0.079,11,49,0.997,3.15,0.54,11.17,4
8.1,0.539,0.297,1.4,0.074,37,48,0.99628,3.3,0.53,12.04,5
10.24,0.841,0.197,2.74,0.061,9,61,0.99706,3.26,0.74,10.0,5
8.9,0.554,0.153,1.64,0.096,4,16,0.997,3.4,0.68,10.48,6
9.2,0.547,0.006,0.99,0.084,5,33,0.997,3.37,0.62,10.13,6
6.35,0.446,0.423,1.24,0.105,12,55,0.99775,3.41,0.64,9.21,5
8.72,0.515,0.094,1.59,0.091,10,61,0.99622,3.21,0.87,11.67,5
7.36,0.445,0.388,1.01,0.078,12,60,0.99555,3.45,0.54,11.7,6
6.34,0.543,0.53,5.29,0.081,31,44,0.99723,3.52,0.62,10.04,5
8.71,0.62,0.653,4.55,0.101,11,29,0.99906,3.47,0.43,10.86,6
7.82,0.793,0.0,1.73,0.055,8,54,0.9947,3.31,0.7,11.09,5
8.26,0.444,0.168,0.99,0.055,7,24,0.99713,3.41,0.72,12.81,7
9.66,0.816,0.491,0.9,0.117,9,67,0.99613,3.23,0.69,10.5,4
4.6,0.677,0.159,1.49,0.065,65,134,0.99543,3.39,0.64,9.27,5
8.52,0.389,0.035,2.66,0.112,72,98,0.99779,3.25,0.77,10.57,5
5.55,0.501,0.397,3.34,0.058,18,34,0.99728,3.32,0.64,10.18,5
5.33,0.207,0.305,1.56,0.054,26,33,0.99716,3.54,0.84,11.75,6
7.98,0.901,0.202,1.86,0.122,11,94,0.9964,3.14,0.61,9.96,5
7.23,0.249,0.0,4.24,0.167,13,53,0.99717,3.18,0.67,8.55,4
4.6,0.551,0.0,2.16,0.081,10,41,0.99757,3.39,0.39,11.68,6
7.8,0.68,0.349,2.49,0.135,11,21,0.99762,3.44,0.62,11.13,5
8.24,0.718,0.046,1.39,0.096,11,31,0.99518,3.07,0.57,9.89,5
9.91,0.691,0.374,2.22,0.085,18,40,0.99831,3.17,0.59,9.44,4
9.58,0.618,0.237,3.49,0.06,4,34,0.99594,3.13,0.48,10.74,6
7.88,0.25,0.326,2.0,0.067,4,81,0.99595,3.28,0.85,10.83,6
5.51,0.629,0.334,1.25,0.065,15,45,0.99524,3.36,0.9,9.81,5
7.65,0.781,0.149,1.91,0.057,7,52,0.9958,3.56,0.71,10.69,5
8.65,0.72,0.028,1.94,0.059,5,54,0.99836,3.31,0.69,10.0,5
9.05,0.745,0.458,2.06,0.082,10,37,0.99727,3.47,0.91,11.07,6
9.48,0.376,0.256,2.59,0.114,17,68,0.99578,3.25,0.64,11.51,6
8.26,0.177,0.0,1.58,0.099,27,109,0.99589,3.39,0.62,10.47,6
8.66,0.32,0.54,3.12,0.074,16,36,0.99637,3.24,0.59,11.07,6
7.22,0.312,0.323,3.92,0.048,12,34,0.99764,3.31,0.41,11.45,6
7.51,0.229,0.507,0.91,0.084,25,49,0.99595,3.18,0.74,8.99,6
8.92,0.476,0.302,1.23,0.057,51,102,0.99655,3.56,0.96,10.17,5
9.53,0.638,0.726,2.54,0.113,7,47,0.99746,3.38,0.47,10.77,5
6.19,0.665,0.525,8.29,0.088,13,55,0.99801,3.34,1.0,11.69,7
7.37,0.646,0.165,3.8,0.059,25,49,0.99737,3.21,0.82,8.58,5
7.75,0.813,0.357,2.81,0.057,10,40,0.99631,3.46,0.68,8.4,4
9.14,0.204,0.066,3.45,0.078,1,33,0.9975,3.07,0.7,8.97,6
8.15,0.742,0.335,1.63,0.038,11,56,0.99539,3.48,0.73,9.75,5
12.04,0.734,0.334,2.01,0.078,7,13,0.9959,3.07,0.75,10.72,6
8.43,0.219,0.1,1.68,0.086,3,15,0.99577,3.36,0.77,8.4,5
7.06,0.653,0.208,2.4,0.085,35,66,0.99611,3.19,0.71,9.73,5
7.88,0.556,0.288,1.91,0.125,1,49,0.99517,3.58,0.65,8.98,5
7.36,0.32,0.528,1.74,0.067,35,44,0.99741,3.42,0.89,8.57,5
7.98,0.701,0.165,2.12,0.065,11,37,0.9959,3.21,0.59,10.63,5
8.69,0.621,0.46,1.35,0.059,21,57,0.99386,2.98,0.91,11.98,5
10.52,0.763,0.077,1.36,0.061,10,25,0.99518,3.27,0.63,10.48,5
10.4,0.463,0.248,6.53,0.103,8,10,0.99832,3.3,0.69,11.32,6
9.1,0.721,0.425,5.79,0.119,2,16,0.99811,3.11,0.81,10.21,6
6.55,0.163,0.043,2.21,0.068,7,49,0.99789,3.45,0.72,10.07,5
8.96,0.77,0.34,1.82,0.077,10,27,0.99559,3.12,0.63,10.3,5
6.95,0.441,0.0,1.88,0.088,9,38,0.99627,3.61,0.37,8.75,4
8.03,0.885,0.117,1.51,0.123,32,59,0.99547,3.38,0.5,9.85,5
8.94,0.71,0.147,3.05,0.078,6,34,0.99647,3.05,0.74,12.02,6
8.14,0.361,0.249,1.83,0.086,8,53,0.99652,3.42,0.6,11.58,6
11.51,0.765,0.319,2.29,0.059,14,55,0.99806,3.14,0.74,10.57,5
8.24,0.522,0.258,4.31,0.094,10,49,0.99744,3.35,0.73,11.13,5
7.66,0.334,0.238,1.35,0.052,9,48,0.99729,3.25,0.6,10.97,6
7.82,0.387,0.0,3.98,0.095,26,40,0.99783,3.36,0.42,9.87,5
9.68,0.578,0.356,3.58,0.103,21,55,0.99686,3.49,0.59,13.76,6
5.62,0.264,0.157,1.43,0.042,6,27,0.99683,3.42,0.88,9.84,6
7.43,0.314,0.531,2.24,0.059,16,28,0.99743,3.25,0.77,9.93,6
6.38,0.389,0.415,0.91,0.181,13,67,0.99674,3.29,0.33,9.48,4
7.68,0.405,0.256,2.12,0.06,24,26,0.99666,3.26,0.72,10.07,6
5.34,0.502,0.71,1.46,0.072,5,27,0.99343,3.69,1.04,10.52,6
7.63,0.445,0.336,1.95,0.102,9,27,0.99783,3.2,0.57,10.08,5
9.5,0.799,0.316,1.11,0.062,7,48,0.9958,3.23,0.33,9.76,4
6.87,0.532,0.328,1.7,0.087,21,64,0.99643,3.27,0.68,11.41,7
9.76,0.267,0.246,2.95,0.104,21,63,0.99672,3.2,0.57,11.44,5
6.95,0.487,0.162,1.65,0.052,11,41,0.99578,3.36,0.64,9.16,4
7.77,0.817,0.0,2.9,0.069,5,15,0.99663,3.43,0.67,10.41,5
6.2,0.709,0.57,1.41,0.075,9,44,0.9959,3.41,0.81,11.43,6
8.9,0.502,0.0,3.07,0.075,3,37,0.99585,3.37,0.54,11.58,5
8.82,0.553,0.354,2.58,0.097,8,24,0.99661,3.15,0.95,9.06,5
8.29,0.176,0.614,0.9,0.109,30,46,0.99745,3.21,0.81,8.4,5
9.51,0.401,0.055,1.54,0.072,28,59,0.99515,3.31,0.46,8.99,5
7.32,0.326,0.052,1.22,0.081,25,147,0.99564,3.31,0.63,11.63,6
10.94,0.37,0.113,1.64,0.064,3,24,0.99654,3.25,0.68,10.72,6
8.35,0.74,0.346,1.76,0.07,3,11,0.99704,3.36,0.67,8.4,4
6.81,0.704,0.468,3.43,0.051,8,39,0.99625,3.56,0.55,9.97,5
7.63,0.304,0.209,2.55,0.102,9,40,0.99651,3.35,0.81,9.8,6
8.0,0.407,0.328,1.27,0.052,20,57,0.99574,3.31,0.53,12.05,5
6.2,0.562,0.867,1.72,0.071,7,13,0.99676,3.36,0.57,9.96,5
6.41,0.526,0.363,2.25,0.091,19,55,0.99598,3.4,0.51,9.8,5
10.67,0.357,0.285,1.14,0.071,15,66,0.99807,3.25,0.83,11.18,5
8.91,0.683,0.375,2.05,0.062,31,34,0.99724,3.31,0.62,11.36,5
9.7,0.688,0.107,2.93,0.073,8,40,0.99686,3.26,0.58,10.65,5
11.89,0.531,0.485,2.49,0.054,19,58,0.9957,3.36,0.95,10.25,5
9.28,0.344,0.255,1.4,0.072,11,63,0.99562,3.28,0.73,10.08,6
6.96,0.496,0.372,2.03,0.049,15,32,0.99616,3.36,0.87,11.4,6
9.56,0.596,0.34,3.48,0.068,17,23,0.9975,3.32,0.82,9.96,5
7.1,0.193,0.277,2.03,0.072,31,75,0.99575,3.54,0.78,10.67,6
10.08,0.646,0.128,2.02,0.052,11,19,0.9954,3.29,0.75,9.85,4
9.27,0.614,0.427,1.55,0.069,21,23,0.99672,3.34,0.88,10.34,4
10.09,0.444,0.481,2.4,0.169,8,21,0.99659,3.44,0.77,9.64,6
6.93,0.757,0.0,2.4,0.103,18,28,0.99563,3.39,0.74,9.55,5
5.48,0.401,0.206,5.33,0.057,12,29,0.99685,3.64,0.78,9.93,6
8.78,0.431,0.225,1.71,0.037,18,45,0.99617,3.44,0.7,10.69,6
9.47,0.438,0.231,2.07,0.055,14,36,0.99695,3.17,0.33,10.04,5
8.37,0.399,0.308,2.24,0.05,15,58,0.99674,3.34,0.84,10.59,5
7.66,0.729,0.33,1.99,0.061,6,22,0.9955,3.41,1.16,11.31,6
7.7,0.739,0.41,3.16,0.049,15,43,0.99673,3.33,0.86,10.41,5
7.6,0.898,0.371,1.69,0.078,40,60,0.99741,3.21,0.92,10.42,4
9.18,0.788,0.141,4.73,0.09,8,64,0.99764,3.13,0.37,10.58,5
6.03,0.48,0.025,1.09,0.161,9,19,0.99636,3.34,0.51,10.46,6
7.8,0.76,0.0,1.33,0.132,27,45,0.99626,3.4,0.91,8.94,3
9.21,0.855,0.412,2.27,0.053,13,27,0.99719,3.3,0.44,10.59,5
8.22,0.481,0.187,1.23,0.121,22,37,0.99591,3.18,0.56,9.87,5
7.44,0.508,0.375,2.03,0.044,19,39,0.99675,3.19,0.56,10.31,6
7.56,0.435,0.13,4.8,0.062,7,11,0.99608,3.34,0.94,10.86,6
8.88,0.627,0.303,2.15,0.085,7,23,0.99653,3.3,0.91,10.59,5
9.41,0.769,0.245,4.29,0.046,6,29,0.99726,3.22,0.85,11.82,5
5.8,0.795,0.396,2.98,0.071,16,31,0.99701,3.45,0.57,10.34,5
11.65,0.454,0.14,1.12,0.084,23,38,0.99696,3.19,0.55,9.09,5
8.8,0.642,0.27,1.58,0.043,10,22,0.99587,3.27,0.66,9.31,5
8.15,0.568,0.237,2.31,0.061,11,16,0.99536,3.47,0.61,9.93,5
6.45,0.412,0.258,2.06,0.098,5,24,0.99698,3.57,0.71,8.45,4
6.99,0.31,0.408,1.92,0.056,10,25,0.99563,3.35,0.82,10.8,5
9.39,0.567,0.113,2.5,0.041,16,48,0.99642,3.15,0.59,9.84,4
8.83,0.261,0.355,2.42,0.088,15,25,0.99654,3.23,0.33,8.4,5
5.2,0.356,0.391,2.5,0.071,9,38,0.99714,3.46,0.83,11.03,6
6.68,0.628,0.219,1.85,0.063,10,22,0.99818,3.27,0.56,8.4,4
7.83,0.687,0.412,2.35,0.059,43,61,0.9969,3.47,0.63,10.29,6
6.55,0.549,0.0,3.73,0.092,2,21,0.99522,3.43,0.81,10.2,5
11.03,0.698,0.264,1.71,0.085,11,57,0.99594,3.17,0.85,11.69,6
9.92,0.575,0.299,1.21,0.12,5,41,0.99715,3.31,0.74,11.85,6
7.39,0.716,0.637,1.31,0.093,51,62,0.99673,3.27,0.7,10.62,6
5.63,0.437,0.391,2.05,0.071,18,121,0.9962,3.38,0.59,11.38,5
8.3,0.228,0.369,4.62,0.059,9,41,0.99706,3.17,0.65,10.33,5
7.49,0.925,0.087,4.61,0.121,16,31,0.99744,3.25,0.94,9.61,5
7.37,0.717,0.276,1.85,0.062,14,34,0.99608,3.45,0.7,11.62,5
6.24,1.038,0.378,1.22,0.092,11,26,0.99552,3.33,0.53,8.77,4
9.16,0.603,0.325,2.23,0.068,26,59,0.99602,3.21,0.63,12.22,6
8.02,0.723,0.49,3.64,0.091,11,41,0.99706,3.19,0.53,11.55,6
9.89,0.599,0.308,2.45,0.122,19,44,0.99642,3.14,0.33,11.58,6
9.38,0.652,0.376,2.82,0.066,8,27,0.99691,3.24,0.43,12.2,7
7.42,0.269,0.199,1.58,0.148,11,41,0.99544,3.43,0.81,9.08,5
8.3,0.598,0.496,3.94,0.077,6,16,0.99732,3.34,0.59,10.7,6
7.04,0.849,0.294,2.53,0.117,14,63,0.99617,3.23,0.73,11.99,5
8.27,0.394,0.525,2.59,0.091,19,40,0.99728,3.29,0.53,12.28,7
6.53,0.686,0.294,1.46,0.057,6,91,0.99611,3.34,0.53,9.26,5
9.14,0.357,0.296,1.33,0.077,2,13,0.9958,3.27,0.96,11.36,6
4.74,0.659,0.385,2.61,0.042,39,82,0.99608,3.51,0.81,10.76,5
8.63,0.459,0.348,3.09,0.05,12,56,0.99616,3.26,0.57,11.4,6
8.04,0.251,0.18,1.53,0.118,25,70,0.99527,3.31,0.72,10.84,6
9.25,0.829,0.164,1.36,0.074,6,40,0.99561,3.13,0.62,11.01,5
6.6,0.388,0.389,1.54,0.097,7,39,0.99713,3.28,0.62,10.42,5
8.36,0.517,0.119,2.5,0.084,17,60,0.99627,3.41,0.65,10.01,5
9.09,0.335,0.335,2.36,0.12,5,38,0.99599,3.39,0.74,10.32,5
7.96,0.913,0.237,3.17,0.044,13,97,0.99583,3.28,0.59,11.94,6
8.34,0.573,0.261,2.87,0.125,3,24,0.99614,3.27,0.47,8.4,4
8.06,0.525,0.371,3.66,0.092,6,47,0.99735,3.27,0.83,10.65,6
7.45,0.531,0.539,1.61,0.081,22,31,0.99517,3.42,0.54,10.9,6
7.34,0.605,0.189,1.88,0.054,12,93,0.99545,3.42,0.57,10.08,6
5.81,0.671,0.0,1.21,0.076,13,69,0.99604,3.39,0.37,11.56,5
8.49,0.519,0.467,1.84,0.058,20,43,0.99573,3.32,0.42,10.35,6
8.16,0.546,0.0,1.45,0.078,22,26,0.99661,3.48,0.68,11.11,5
10.59,0.177,0.206,1.82,0.046,11,58,0.99567,3.44,0.68,12.36,7
6.86,0.636,0.27,3.5,0.099,18,37,0.99687,3.42,0.77,9.5,4
10.61,0.32,0.372,1.78,0.053,20,22,0.99637,3.04,0.51,11.76,6
9.9,0.398,0.164,3.37,0.054,9,57,0.99618,3.15,0.82,10.7,6
4.6,0.398,0.14,2.73,0.106,22,42,0.99623,3.49,0.53,9.92,5
8.07,0.591,0.0,2.79,0.055,9,34,0.99668,3.16,0.51,11.14,6
10.25,0.59,0.377,2.35,0.078,29,64,0.99684,3.34,0.87,11.05,6
8.12,0.207,0.313,2.91,0.085,10,30,0.99683,3.48,0.72,10.86,5
9.31,0.918,0.0,5.21,0.058,5,33,0.99803,3.26,0.71,11.43,5
9.7,0.258,0.19,1.19,0.065,47,66,0.99696,3.18,0.64,9.42,5
7.01,0.534,0.221,4.54,0.081,12,54,0.99711,3.12,0.41,11.16,6
8.86,0.492,0.095,1.49,0.136,30,45,0.99652,3.07,0.47,10.96,5
7.98,0.16,0.366,1.67,0.048,21,37,0.99612,3.28,0.73,10.37,6
10.16,0.713,0.178,3.14,0.061,12,43,0.99604,3.06,0.87,11.01,6
4.6,0.485,0.0,1.14,0.058,10,41,0.99589,3.36,0.77,11.24,6
7.6,0.318,0.536,2.14,0.049,31,73,0.99552,3.29,0.73,9.54,5
6.41,0.58,0.414,2.17,0.044,23,59,0.99691,3.25,0.91,9.28,5
7.92,0.12,0.0,3.23,0.079,8,32,0.99637,3.18,0.62,12.62,7
8.8,0.453,0.005,3.7,0.058,19,26,0.9969,3.01,0.7,8.4,4
8.56,0.535,0.349,4.26,0.06,8,28,0.99724,3.64,0.65,10.72,5
8.05,0.558,0.654,1.7,0.069,8,53,0.99753,3.49,0.42,10.13,5
9.54,0.708,0.139,3.71,0.08,27,136,0.99725,3.16,0.76,10.98,5
6.95,0.631,0.03,2.03,0.093,26,52,0.99769,3.12,0.79,9.77,6
9.57,0.175,0.065,2.81,0.065,42,73,0.99611,3.26,0.48,11.04,6
8.31,0.585,0.515,2.31,0.061,18,44,0.99762,3.13,0.98,11.12,6
6.23,0.363,0.513,2.42,0.055,4,40,0.99656,3.24,0.69,11.25,6
8.54,0.39,0.367,1.73,0.065,23,56,0.9963,3.16,0.77,10.44,5
8.73,0.717,0.228,3.01,0.066,3,16,0.9971,3.39,0.65,8.4,5
8.35,0.714,0.216,1.02,0.062,22,33,0.99598,3.32,0.76,9.77,5
6.28,0.834,0.0,2.29,0.068,19,27,0.99739,3.27,0.58,10.24,5
8.17,0.579,0.542,1.99,0.082,18,54,0.99537,3.32,0.79,10.23,5
11.42,0.858,0.123,3.21,0.043,4,20,0.99765,3.13,0.63,11.56,5
11.18,0.468,0.217,2.03,0.059,19,45,0.99702,3.03,0.61,9.21,5
6.76,0.615,0.124,2.07,0.116,2,27,0.99676,3.24,0.56,8.86,5
7.88,0.568,0.004,2.0,0.104,11,28,0.99619,3.17,0.7,8.93,5
7.35,0.485,0.212,2.83,0.045,14,27,0.99596,3.34,0.72,9.66,5
5.89,0.242,0.182,2.04,0.146,17,30,0.99572,3.62,0.69,9.9,6
5.83,0.351,0.0,2.71,0.031,8,29,0.99727,3.42,0.45,9.69,5
7.95,0.781,0.333,1.39,0.087,17,54,0.99702,3.3,0.75,9.96,5
10.08,0.563,0.184,1.55,0.108,13,29,0.99597,3.06,0.55,11.41,5
9.6,0.774,0.0,1.37,0.078,15,49,0.99748,3.49,0.79,10.92,5
10.11,0.401,0.4,3.14,0.066,28,89,0.99557,3.23,0.64,10.73,5
11.21,0.443,0.094,1.32,0.075,9,22,0.99636,3.45,0.59,8.83,5
7.1,0.533,0.661,5.8,0.07,5,10,0.99965,3.42,0.47,10.06,6
7.78,0.561,0.427,1.49,0.076,8,45,0.99629,3.31,0.33,12.0,5
5.67,0.549,0.0,1.45,0.063,15,81,0.99468,3.4,0.54,11.37,5
7.6,0.709,0.631,3.03,0.06,7,29,0.99622,3.36,0.6,11.36,6
8.7,0.306,0.434,3.65,0.083,17,53,0.99653,3.29,0.75,10.93,7
9.91,0.738,0.659,2.35,0.091,40,64,0.99541,3.0,0.33,9.86,4
6.32,0.519,0.319,2.12,0.122,13,21,0.99599,3.42,0.66,11.63,5
7.06,0.631,0.073,2.46,0.084,6,44,0.9951,3.22,0.55,11.9,6
7.76,0.329,0.405,1.32,0.082,30,61,0.99778,3.38,0.79,11.1,5
7.69,0.567,0.466,2.16,0.088,4,52,0.99544,3.25,0.65,10.41,6
5.57,0.67,0.002,3.35,0.055,2,66,0.99656,3.34,0.64,9.1,4
8.95,0.343,0.491,0.9,0.051,12,29,0.99601,3.22,0.49,10.29,6
7.48,0.836,0.0,2.28,0.084,5,24,0.99635,3.53,0.72,10.61,4
7.47,0.415,0.68,2.63,0.111,16,24,0.99613,3.35,0.71,8.5,4
6.99,0.611,0.402,3.81,0.063,53,103,0.99735,3.31,0.62,10.05,5
7.82,0.434,0.243,2.04,0.058,10,13,0.99709,3.3,0.67,12.51,6
7.11,0.63,0.514,1.73,0.059,17,18,0.99637,3.34,0.5,9.98,5
7.83,0.778,0.227,2.26,0.09,7,31,0.99587,3.52,1.01,10.33,6
10.02,0.222,0.329,2.48,0.088,10,34,0.99713,2.98,0.33,8.87,6
7.97,0.382,0.486,1.71,0.068,27,56,0.9963,3.32,0.82,11.8,6
8.74,0.671,0.011,1.62,0.074,18,22,0.9966,3.45,0.56,10.51,6
8.13,0.516,0.1,1.82,0.135,8,10,0.9949,3.21,0.33,10.59,5
5.82,0.531,0.133,2.72,0.058,12,78,0.99893,3.34,0.52,10.48,5
5.16,0.698,0.237,3.68,0.096,16,64,0.99703,3.4,0.62,10.47,6
8.93,0.729,0.225,1.79,0.056,17,25,0.99513,3.32,0.93,10.71,5
6.91,0.615,0.143,2.13,0.101,18,60,0.99608,3.12,0.57,10.04,5
7.74,0.436,0.034,1.2,0.116,21,33,0.99663,3.42,0.67,13.18,7
6.98,0.753,0.511,3.16,0.073,24,34,0.99651,3.19,0.78,9.99,4
6.05,0.929,0.056,1.07,0.105,21,41,0.99696,3.29,0.68,12.62,6
10.23,0.486,0.232,1.45,0.097,25,30,0.99623,3.23,0.8,10.98,5
12.4,0.509,0.02,3.26,0.081,24,50,0.99728,3.26,0.33,9.36,4
10.27,0.747,0.292,5.17,0.142,10,29,0.99735,3.23,0.6,10.3,5
6.16,0.461,0.47,2.38,0.058,6,33,0.99658,3.31,0.64,9.97,6
7.4,0.476,0.498,2.47,0.077,21,53,0.99694,3.25,0.97,10.08,5
8.64,0.344,0.006,2.44,0.04,12,18,0.9976,3.02,0.66,11.21,5
6.31,0.439,0.246,3.63,0.079,42,130,0.99577,3.48,0.7,11.03,6
7.79,0.636,0.059,1.98,0.095,13,20,0.99673,3.4,0.4,10.13,4
8.59,0.599,0.407,6.69,0.053,22,79,0.99922,3.24,0.69,10.49,5
11.05,0.539,0.263,3.78,0.083,21,48,0.99664,3.14,0.79,9.71,5
5.61,0.61,0.218,0.9,0.085,6,47,0.99594,3.3,0.71,12.71,6
8.27,0.567,0.016,2.21,0.048,6,30,0.99533,3.35,0.69,9.49,6
6.3,0.447,0.741,2.15,0.037,20,28,0.99615,3.35,0.79,8.4,4
4.6,0.734,0.641,1.54,0.062,24,51,0.99582,3.52,0.77,10.54,5
9.15,0.454,0.0,2.68,0.096,20,39,0.99502,3.13,0.62,9.96,4
5.1,0.644,0.435,1.69,0.103,3,13,0.9957,3.45,0.81,11.87,6
7.58,0.351,0.185,2.75,0.12,24,71,0.99731,3.19,0.62,10.49,6
9.34,0.413,0.375,4.07,0.065,8,45,0.99709,3.44,0.74,9.38,5
8.4,0.487,0.0,2.53,0.1,33,60,0.99677,3.34,0.43,10.88,5
7.66,0.475,0.158,0.9,0.059,23,47,0.99734,3.5,0.71,10.7,6
9.83,0.803,0.264,3.57,0.143,15,53,0.99428,3.05,0.83,10.23,5
7.4,0.849,0.212,3.22,0.05,10,26,0.99758,3.51,0.74,8.59,4
7.07,0.284,0.379,3.26,0.063,29,88,0.99677,3.38,0.53,11.49,5
10.24,0.6,0.451,3.45,0.078,7,19,0.99734,3.14,0.67,11.47,6
8.35,0.841,0.417,2.1,0.068,14,97,0.9964,3.16,0.6,10.4,5
6.93,0.403,0.547,1.57,0.105,21,44,0.99647,3.39,0.67,11.9,6
6.29,0.416,0.577,2.14,0.085,18,46,0.99561,3.3,0.53,9.56,6
7.34,0.292,0.461,2.78,0.084,12,39,0.99654,3.43,0.46,9.33,5
9.87,0.977,0.092,2.13,0.109,14,37,0.99783,3.22,0.46,9.69,5
7.32,0.496,0.005,2.73,0.081,22,46,0.99702,3.13,0.73,10.67,5
8.39,0.556,0.552,2.56,0.054,12,65,0.99705,3.16,0.58,8.4,4
10.48,0.359,0.026,2.19,0.069,33,44,0.99714,3.32,0.6,10.47,5
10.45,0.482,0.203,2.4,0.078,11,45,0.99787,3.14,0.71,10.37,5
6.01,0.389,0.532,1.18,0.065,23,64,0.99647,3.49,0.87,10.79,6
10.14,0.514,0.407,1.41,0.069,9,58,0.99711,3.25,0.59,10.61,6
4.6,0.343,0.693,2.69,0.078,6,15,0.9984,3.5,0.55,9.87,6
9.13,0.426,0.048,2.67,0.05,24,26,0.99617,3.18,0.58,10.95,6
6.02,0.567,0.306,1.31,0.071,16,23,0.99733,3.57,0.39,10.27,6
7.05,0.531,0.294,3.02,0.072,8,41,0.99643,3.47,0.72,10.38,5
7.3,0.478,0.238,1.89,0.108,7,70,0.99479,3.42,0.52,10.19,5
7.1,0.648,0.217,2.94,0.062,9,43,0.9964,3.29,0.74,9.62,4
8.13,0.379,0.0,1.42,0.046,6,40,0.99484,3.48,0.69,10.07,6
7.46,0.522,0.416,0.9,0.104,11,51,0.99578,3.27,0.92,9.8,5
11.05,0.771,0.162,1.34,0.065,3,16,0.99581,3.16,0.54,9.82,5
7.75,0.458,0.358,2.36,0.079,11,21,0.99732,3.5,0.81,10.99,6
6.52,0.62,0.318,3.85,0.09,5,64,0.99631,3.25,0.6,10.47,4
8.42,0.658,0.4,2.36,0.083,23,93,0.99532,3.41,0.78,8.4,4
7.04,0.574,0.079,2.68,0.08,4,14,0.99523,3.51,0.58,8.4,4
8.15,0.629,0.255,1.26,0.058,12,35,0.99743,3.39,0.93,10.1,5
7.39,0.529,0.378,1.75,0.095,7,84,0.99624,3.33,0.75,10.3,5
8.22,0.418,0.212,3.83,0.063,9,24,0.99772,3.38,0.62,10.45,5
8.73,0.523,0.011,4.46,0.05,32,46,0.99658,3.27,0.8,11.32,5
9.58,0.51,0.722,3.07,0.079,7,23,0.99671,3.31,0.83,10.65,6
10.32,1.076,0.504,1.97,0.064,13,23,0.99525,3.27,0.71,10.82,5
9.3,0.604,0.107,1.39,0.101,9,89,0.99466,3.47,0.71,10.85,5
8.01,0.302,0.313,1.69,0.096,8,61,0.99603,3.14,0.52,10.12,6
7.28,0.304,0.244,1.76,0.05,39,76,0.99495,3.61,0.47,10.97,5
6.42,0.288,0.324,2.4,0.085,10,58,0.99657,3.41,0.38,10.3,5
10.48,0.251,0.759,2.5,0.044,14,29,0.99785,3.22,0.66,10.48,6
7.48,0.473,0.556,2.3,0.19,8,39,0.99656,3.55,0.93,9.98,5
7.61,0.555,0.298,2.18,0.052,31,55,0.99603,3.32,0.77,11.95,6
8.46,0.338,0.446,2.21,0.084,27,39,0.99816,3.24,0.77,11.49,5
9.45,0.283,0.105,1.41,0.055,11,29,0.99621,3.45,0.76,9.87,4
10.65,0.502,0.46,2.26,0.078,18,79,0.99662,3.23,0.85,10.55,5
9.06,0.954,0.215,1.85,0.171,13,52,0.99531,3.16,0.64,8.72,4
6.25,0.506,0.06,4.42,0.082,56,85,0.99566,3.4,0.74,9.9,6
9.04,0.971,0.398,2.12,0.08,15,51,0.99589,3.32,0.5,11.26,5
7.84,0.545,0.407,1.5,0.097,7,82,0.99659,3.36,0.63,10.83,5
7.24,0.557,0.346,1.17,0.067,11,27,0.99573,3.31,0.7,8.54,5
9.79,0.496,0.0,1.26,0.057,20,51,0.99668,3.17,0.51,10.02,5
7.92,0.43,0.251,2.77,0.044,13,61,0.99524,3.21,0.74,9.61,5
8.12,0.596,0.066,2.76,0.069,14,63,0.99641,3.22,0.64,10.55,5
9.43,0.343,0.416,3.41,0.087,20,43,0.99652,3.04,0.83,9.39,5
8.93,0.275,0.155,1.67,0.083,2,30,0.99618,3.15,0.73,8.4,5
9.08,0.588,0.248,3.99,0.057,15,79,0.99586,3.37,0.75,10.14,4
8.6,0.212,0.325,6.25,0.055,14,57,0.99853,3.34,0.75,10.14,6
7.29,0.221,0.245,4.71,0.068,6,33,0.99736,3.5,0.6,11.74,6
7.33,0.861,0.3,1.44,0.085,24,100,0.99628,3.31,0.73,10.51,5
7.98,0.397,0.253,4.61,0.069,12,79,0.9962,3.5,0.58,11.01,6
8.2,0.12,0.296,4.15,0.05,5,23,0.99704,3.27,0.98,10.06,6
9.68,0.5,0.196,5.48,0.169,14,63,0.99717,3.15,0.63,9.81,6
6.03,0.277,0.332,1.94,0.087,41,84,0.99566,3.28,0.96,10.7,5
8.36,0.5,0.648,0.9,0.149,16,24,0.99563,3.25,0.48,9.94,5
4.6,0.496,0.189,2.57,0.051,11,53,0.99644,3.25,0.83,10.77,6
10.1,0.295,0.116,1.37,0.066,12,78,0.99652,3.48,0.72,8.74,6
9.39,0.253,0.154,1.86,0.084,17,28,0.99602,3.27,0.64,11.82,6
7.18,0.688,0.0,2.87,0.058,12,33,0.99817,3.24,1.02,10.41,4
7.39,0.859,0.472,1.84,0.091,22,35,0.99594,3.45,0.68,11.02,5
7.96,0.449,0.305,1.25,0.054,14,117,0.9962,3.51,0.73,9.85,6
6.76,0.255,0.233,1.59,0.037,18,43,0.99515,3.41,0.59,9.6,6
8.42,0.234,0.524,2.74,0.073,38,48,0.99808,3.11,0.79,11.98,6
9.47,0.734,0.539,2.74,0.11,25,64,0.99687,3.25,0.71,9.23,5
6.39,0.56,0.433,1.9,0.084,3,34,0.99686,3.48,0.71,10.37,5
8.19,0.698,0.391,1.46,0.075,6,22,0.99594,3.19,0.48,10.53,5
6.71,0.858,0.109,1.81,0.092,17,42,0.99596,3.49,0.64,9.34,5
10.4,0.607,0.341,3.55,0.118,9,40,0.99728,3.14,0.61,9.86,5
5.64,0.624,0.188,2.46,0.045,10,46,0.9958,3.3,0.49,9.28,4
7.35,0.513,0.186,1.68,0.103,32,46,0.99637,3.4,0.68,12.13,5
8.55,0.563,0.367,1.84,0.076,14,31,0.99649,3.37,0.77,11.48,5
8.34,0.463,0.228,2.88,0.138,31,69,0.99693,3.21,0.57,10.56,5
7.19,0.638,0.39,1.88,0.089,6,31,0.99783,3.56,0.63,10.35,5
8.85,0.823,0.418,2.66,0.051,2,8,0.99774,3.28,0.51,8.4,4
7.53,0.329,0.154,1.74,0.077,32,225,0.99426,3.2,0.67,10.42,5
9.21,0.688,0.247,0.9,0.071,23,29,0.99668,3.18,1.03,9.85,6
6.1,0.455,0.374,2.7,0.087,9,32,0.99682,3.45,0.76,11.26,7
7.34,0.358,0.055,1.45,0.07,18,47,0.99652,3.22,0.33,10.34,5
9.99,0.581,0.206,1.4,0.08,22,39,0.99507,3.17,0.68,10.96,5
10.54,0.375,0.295,2.17,0.08,8,45,0.9967,3.01,0.77,9.35,5
10.62,0.522,0.734,3.08,0.07,13,69,0.99675,3.27,0.36,11.33,6
6.71,0.675,0.587,2.95,0.072,5,34,0.99735,3.3,0.66,9.32,4
12.75,0.419,0.044,3.86,0.099,7,35,0.9963,2.97,0.55,9.64,4
8.47,0.644,0.543,3.55,0.116,27,38,0.99662,3.25,0.91,10.74,6
11.96,0.251,0.066,2.38,0.057,2,41,0.99701,3.18,1.14,10.37,7
9.27,0.705,0.15,2.26,0.044,25,67,0.99707,3.4,0.91,10.27,6
6.46,0.443,0.655,3.03,0.112,27,36,0.99657,3.55,0.81,12.1,6
9.14,0.966,0.29,1.18,0.066,27,87,0.99723,3.2,0.89,8.42,5
7.95,0.739,0.308,1.33,0.04,14,42,0.99691,3.18,0.65,10.73,5
8.97,0.452,0.404,2.36,0.078,17,25,0.9972,3.17,0.63,11.6,7
7.41,0.644,0.201,1.13,0.065,7,20,0.99618,3.24,0.63,11.97,6
8.68,0.585,0.022,0.91,0.089,22,100,0.99634,3.49,0.79,10.42,5
8.64,0.456,0.008,1.84,0.082,7,37,0.99558,3.27,0.9,9.4,5
6.95,0.765,0.257,1.52,0.062,9,24,0.99638,3.31,0.74,9.84,5
9.04,0.515,0.0,1.57,0.053,13,75,0.99597,3.27,0.81,9.74,5
7.2,0.41,0.005,5.87,0.06,6,54,0.99828,3.39,0.33,8.58,5
7.23,0.468,0.537,1.52,0.101,6,16,0.99651,3.16,0.8,10.41,6
6.35,0.778,0.311,2.61,0.046,19,23,0.99598,3.52,0.65,8.4,4
9.06,0.255,0.561,1.69,0.077,15,59,0.99528,3.31,0.81,11.9,7
7.84,0.295,0.292,4.09,0.09,11,25,0.99792,3.39,0.54,9.99,5
5.48,0.587,0.358,1.85,0.128,9,12,0.99519,3.52,0.56,9.97,5
6.65,0.523,0.139,2.53,0.096,6,22,0.99685,3.32,0.5,9.96,6
8.67,0.634,0.197,3.48,0.06,3,30,0.99734,3.28,0.57,12.36,6
8.29,0.327,0.432,1.7,0.033,28,45,0.99561,3.22,0.7,9.99,6
8.4,0.624,0.0,1.84,0.094,23,36,0.99621,3.38,0.59,12.65,6
7.21,0.466,0.411,1.92,0.052,10,15,0.99704,3.35,0.57,12.13,7
8.35,0.37,0.217,3.09,0.076,4,55,0.99643,3.43,0.98,10.53,5
8.31,0.651,0.291,3.54,0.097,1,24,0.99566,3.29,0.67,9.93,5
9.58,0.334,0.7,1.54,0.121,14,91,0.99497,3.42,0.58,9.98,5
8.12,0.669,0.341,1.92,0.068,22,86,0.99786,3.33,0.85,10.7,5
10.81,0.463,0.185,2.28,0.078,11,37,0.99612,3.27,0.45,11.12,6
7.92,0.587,0.363,3.99,0.079,11,93,0.9963,3.11,0.43,8.99,4
9.22,0.229,0.459,2.07,0.071,11,85,0.9962,3.26,0.53,10.56,7
10.88,0.62,0.0,1.77,0.041,13,65,0.99607,3.15,0.6,11.14,4
6.23,0.5,0.534,1.41,0.037,14,62,0.99473,3.4,0.46,11.69,6
7.77,0.359,0.194,1.03,0.083,14,46,0.99437,3.13,0.76,10.93,5
10.44,0.668,0.469,2.87,0.143,6,74,0.99587,3.15,0.56,10.04,5
7.95,0.255,0.289,0.9,0.059,15,28,0.99618,3.39,0.68,9.86,5
7.66,0.26,0.377,1.54,0.075,8,38,0.99663,3.26,0.37,10.47,4
11.11,0.442,0.3,5.36,0.069,4,58,0.99769,3.08,0.46,11.66,7
10.65,0.424,0.412,4.02,0.054,15,54,0.99656,3.32,0.89,12.11,6
8.9,0.345,0.265,1.43,0.09,22,36,0.99679,3.42,0.88,11.78,7
7.6,0.552,0.074,1.11,0.083,10,59,0.99462,3.49,0.63,9.28,5
9.55,0.621,0.379,3.23,0.07,10,26,0.99618,3.38,0.84,10.22,6
7.49,0.413,0.628,1.91,0.054,7,29,0.99701,3.3,0.7,10.86,6
11.01,0.12,0.0,2.48,0.071,19,41,0.99668,3.16,0.58,9.56,5
6.6,0.69,0.19,4.06,0.063,11,31,0.9981,3.55,0.43,9.41,5
6.55,0.503,0.177,3.56,0.074,4,17,0.99744,3.55,0.62,8.96,5
5.84,0.372,0.431,2.4,0.047,3,48,0.99799,3.48,0.67,8.92,5
8.02,0.591,0.173,1.69,0.043,12,38,0.99605,3.4,0.57,10.31,5
10.18,0.239,0.388,1.93,0.084,43,105,0.99551,3.08,0.87,10.03,5
8.14,0.529,0.275,2.53,0.056,51,65,0.9968,3.3,0.57,10.43,5
10.04,0.657,0.177,3.79,0.062,11,18,0.99809,3.43,0.57,9.77,5
8.93,0.475,0.359,2.88,0.073,22,44,0.998,3.32,0.68,8.88,6
8.89,0.6,0.0,1.38,0.051,15,40,0.99531,3.3,0.71,9.63,5
8.95,0.326,0.168,1.35,0.082,12,41,0.99633,3.35,0.48,11.05,6
8.36,0.484,0.58,2.33,0.109,21,39,0.99608,3.54,0.61,10.15,5
7.49,0.664,0.361,1.14,0.053,15,81,0.99606,3.33,0.64,10.81,5
9.46,0.502,0.355,1.13,0.061,24,77,0.99783,3.28,0.64,8.71,5
9.38,0.441,0.28,3.52,0.091,7,12,0.9967,3.33,0.58,10.94,6
10.05,0.532,0.162,2.45,0.145,33,67,0.99671,3.23,0.81,9.02,5
8.67,0.619,0.099,2.8,0.086,24,60,0.99663,3.26,0.85,9.09,4
9.5,0.916,0.0,2.31,0.049,18,36,0.99537,3.52,0.67,10.11,5
7.58,0.596,0.108,1.25,0.072,10,81,0.9961,3.3,0.72,9.35,4
9.41,0.256,0.539,5.01,0.142,3,17,0.99719,3.09,0.75,10.93,6
6.53,0.67,0.315,1.51,0.159,7,21,0.9976,3.32,0.91,10.7,6
6.01,0.338,0.04,2.75,0.107,15,31,0.99845,3.67,0.62,9.55,6
9.68,0.12,0.185,1.8,0.078,8,40,0.99645,3.35,0.54,9.29,5
7.92,0.669,0.43,7.28,0.071,16,77,0.99588,3.53,0.53,9.5,5
8.71,0.868,0.588,2.06,0.095,20,111,0.99602,3.42,0.82,10.01,4
8.37,0.393,0.238,2.58,0.094,14,23,0.99527,3.49,0.6,10.72,5
8.6,0.524,0.48,2.92,0.074,13,52,0.99601,3.18,0.74,9.16,5
4.88,0.429,0.297,1.46,0.053,15,29,0.99564,3.34,0.8,10.74,6
7.61,0.748,0.002,3.08,0.076,5,57,0.99668,3.31,0.45,11.27,5
8.37,0.467,0.022,4.45,0.074,19,54,0.9989,3.37,0.79,10.16,6
7.18,0.313,0.0,3.18,0.07,10,17,0.99691,3.2,0.57,10.66,5
8.37,0.491,0.133,3.38,0.043,12,21,0.99614,3.28,0.73,9.3,5
7.25,0.679,0.797,2.81,0.095,23,49,0.99766,3.38,0.7,9.79,5
8.27,0.469,0.299,1.79,0.082,26,63,0.99465,3.56,0.55,9.88,5
8.83,0.392,0.064,4.53,0.042,13,27,0.99728,3.24,0.78,10.48,5
7.54,0.419,0.0,3.14,0.072,19,37,0.99641,3.29,0.84,10.43,6
5.31,0.736,0.546,2.35,0.066,10,18,0.99836,3.46,0.74,9.54,5
8.96,0.459,0.253,2.1,0.099,11,22,0.99591,3.23,0.42,9.1,5
8.7,0.659,0.234,3.22,0.189,8,27,0.99776,3.41,0.69,10.89,6
7.88,0.58,0.386,4.08,0.07,18,33,0.99842,3.29,0.85,10.92,6
8.07,0.681,0.495,1.65,0.042,34,93,0.99588,3.35,0.33,10.95,6
6.53,0.639,0.0,0.9,0.053,18,40,0.99592,3.48,0.55,11.95,6
8.78,0.426,0.012,2.36,0.083,12,36,0.99631,3.25,0.83,9.21,5
8.66,0.639,0.518,1.8,0.058,20,33,0.99605,3.61,0.73,9.15,4
9.28,0.338,0.299,1.42,0.112,13,21,0.9964,3.19,0.55,9.73,5
8.0,0.58,0.159,4.45,0.122,12,31,0.9972,3.26,0.4,10.21,6
5.51,0.718,0.132,1.02,0.053,12,59,0.99751,3.41,0.49,11.34,5
6.11,0.633,0.226,2.63,0.066,32,100,0.99613,3.29,0.72,12.21,5
7.87,0.239,0.248,1.71,0.105,15,24,0.99563,3.43,0.8,10.8,6
11.09,0.515,0.476,3.38,0.044,33,61,0.99723,3.15,0.48,11.18,6
7.64,0.53,0.0,2.35,0.113,15,34,0.99705,3.26,0.81,11.02,6
9.31,0.722,0.126,1.58,0.085,9,47,0.99639,3.11,0.58,10.45,5
8.09,0.474,0.0,1.25,0.096,44,80,0.99571,3.19,0.68,11.18,6
8.87,0.745,0.286,1.34,0.073,2,26,0.99484,3.48,0.83,11.63,6
8.63,0.52,0.237,3.55,0.085,29,77,0.99745,3.25,0.93,10.37,5
6.69,0.754,0.255,3.86,0.079,5,13,0.99603,3.55,0.64,11.99,6
8.48,0.383,0.0,2.65,0.04,21,87,0.99785,3.25,0.69,12.64,7
10.5,0.695,0.239,3.16,0.055,27,42,0.99576,3.31,0.63,10.1,5
6.29,0.12,0.388,1.91,0.066,48,136,0.9967,3.18,0.75,11.4,7
7.95,0.921,0.016,1.55,0.127,27,80,0.99637,3.42,0.67,10.97,5
8.7,0.291,0.252,0.9,0.045,11,17,0.99543,3.26,0.56,11.95,7
8.45,0.513,0.131,2.77,0.084,7,31,0.99712,3.29,0.49,10.32,5
8.97,0.621,0.212,1.88,0.08,10,43,0.99751,3.23,0.39,8.52,4
6.69,0.434,0.624,5.06,0.081,9,21,0.99711,3.55,0.48,9.8,4
11.6,0.286,0.183,2.24,0.157,19,74,0.99847,3.2,0.5,10.61,5
9.56,0.919,0.646,1.8,0.039,13,54,0.99581,3.22,0.4,12.37,6
9.77,0.63,0.544,1.61,0.21,9,100,0.99668,3.2,0.43,10.86,5
10.27,0.508,0.284,5.41,0.071,11,29,0.9964,3.38,0.74,8.91,5
7.58,0.623,0.248,3.32,0.123,19,24,0.99663,3.27,0.63,10.18,6
9.5,0.567,0.0,1.3,0.089,12,63,0.9962,3.34,0.77,9.88,5
7.54,0.467,0.126,1.31,0.065,5,20,0.99707,3.31,1.08,10.49,5
8.17,0.5,0.437,3.59,0.079,40,73,0.99615,3.13,0.55,10.08,5
9.43,0.565,0.43,1.96,0.042,47,64,0.9963,3.16,0.65,12.55,7
10.09,0.589,0.199,1.69,0.094,7,43,0.99633,3.4,0.68,9.24,5
8.41,0.491,0.0,1.77,0.055,38,54,0.99538,3.33,0.57,11.09,5
7.62,0.685,0.609,1.28,0.072,6,15,0.99572,3.36,0.63,11.61,5
7.96,0.704,0.053,0.9,0.103,19,78,0.99568,3.37,0.79,11.16,4
10.72,0.602,0.0,2.58,0.069,17,28,0.99649,3.06,0.33,10.26,5
8.48,0.57,0.475,4.77,0.087,10,28,0.99689,3.26,0.75,10.95,4
4.9,0.687,0.218,1.68,0.096,4,14,0.99693,3.39,0.57,11.92,5
10.05,0.232,0.351,1.09,0.123,39,54,0.99642,3.25,0.41,12.2,6
9.68,0.457,0.384,4.08,0.061,16,34,0.99646,3.24,0.71,10.62,6
6.62,0.35,0.303,1.91,0.064,13,29,0.99545,3.58,0.48,9.5,6
6.05,0.407,0.236,3.08,0.071,6,58,0.99619,3.41,0.66,11.59,5
7.36,0.192,0.101,1.09,0.1,16,23,0.99677,3.52,0.69,9.88,5
9.3,0.495,0.198,3.3,0.087,9,25,0.99703,3.32,0.53,10.73,6
7.25,0.439,0.44,1.52,0.039,26,102,0.99619,3.37,0.34,9.82,5
5.39,0.526,0.252,2.55,0.092,21,41,0.99688,3.53,0.87,10.73,7
9.85,1.092,0.414,3.76,0.049,3,35,0.99827,3.07,0.7,10.18,5
11.47,0.577,0.207,1.23,0.046,5,44,0.99615,3.12,0.64,9.33,5
7.03,0.538,0.337,2.61,0.059,49,61,0.99692,3.38,0.47,9.66,6
8.57,0.547,0.156,1.85,0.079,17,33,0.99685,3.22,0.88,11.27,6
7.89,0.516,0.249,2.7,0.087,13,29,0.99746,3.4,0.78,10.25,6
8.0,0.682,0.421,2.28,0.069,8,46,0.99618,3.17,0.52,10.38,4
7.08,0.595,0.043,3.24,0.057,19,37,0.99637,3.52,0.73,11.55,5
8.26,0.569,0.221,1.3,0.075,33,62,0.9953,3.22,0.75,11.7,7
9.76,0.493,0.246,1.73,0.102,12,53,0.99573,3.32,0.8,11.2,6
8.84,0.759,0.524,1.12,0.065,54,65,0.99782,3.28,0.47,11.23,5
4.75,0.307,0.616,2.08,0.102,14,51,0.99726,3.32,0.5,10.32,6
6.06,0.606,0.286,1.79,0.103,43,94,0.99573,3.38,0.99,10.67,7
7.35,0.884,0.063,1.4,0.048,22,38,0.99608,3.34,0.47,9.46,4
8.94,0.631,0.224,1.54,0.07,37,58,0.997,3.28,0.48,9.36,5
9.43,0.226,0.0,2.98,0.057,11,35,0.99753,3.29,0.71,11.19,7
10.84,0.629,0.209,1.06,0.097,6,36,0.99608,3.34,0.6,9.51,4
10.11,0.883,0.295,2.04,0.049,7,97,0.99679,3.18,0.62,11.01,5
5.11,0.652,0.178,2.78,0.037,24,51,0.99688,3.45,0.37,10.63,5
7.31,0.413,0.215,2.32,0.051,10,34,0.99619,3.4,0.65,10.49,6
9.58,0.786,0.325,3.14,0.17,12,82,0.996,3.33,0.61,11.72,5
9.4,0.216,0.187,1.44,0.077,16,37,0.99452,3.13,0.75,9.82,6
6.95,0.525,0.62,2.3,0.105,24,46,0.99587,3.39,0.74,8.97,5
9.28,0.432,0.174,1.32,0.134,7,45,0.99592,3.2,0.48,11.07,5
9.27,0.759,0.082,2.36,0.049,10,31,0.99674,3.1,0.75,9.63,5
7.73,0.575,0.25,1.54,0.084,19,39,0.99554,3.37,0.79,10.37,5
6.98,0.12,0.418,2.18,0.065,21,41,0.99549,3.21,0.72,11.21,5
9.82,0.663,0.015,2.63,0.098,10,51,0.99647,3.2,0.63,9.48,5
6.54,0.674,0.486,2.21,0.028,41,67,0.99586,3.64,0.75,9.83,5
7.93,0.686,0.323,3.07,0.058,4,35,0.99693,3.24,0.57,9.2,5
10.4,0.222,0.029,2.79,0.084,16,29,0.99587,3.28,0.73,9.93,6
7.87,0.737,0.106,2.21,0.018,18,37,0.99599,3.33,0.77,8.4,4
5.5,0.56,0.255,1.37,0.069,33,75,0.99744,3.54,0.59,11.83,7
8.1,0.256,0.421,2.76,0.152,21,44,0.99654,3.37,0.58,11.62,7
6.44,0.544,0.389,3.09,0.044,25,66,0.99699,3.57,0.45,9.43,4
7.38,0.589,0.093,3.85,0.098,20,50,0.99567,3.1,0.62,9.35,5
7.56,0.629,0.43,1.91,0.101,18,32,0.99739,3.27,0.71,9.91,5
9.15,0.475,0.07,2.1,0.147,7,61,0.99538,3.42,0.64,11.19,4
10.12,0.638,0.351,2.65,0.083,18,50,0.99631,3.36,0.46,11.91,6
6.61,0.484,0.0,2.78,0.056,22,44,0.99552,3.53,0.64,9.95,5
6.49,0.574,0.312,2.42,0.034,10,15,0.99579,3.41,0.43,12.38,7
7.72,0.804,0.371,1.74,0.105,16,33,0.99681,3.56,0.56,9.6,4
11.06,0.797,0.288,2.86,0.067,14,45,0.99422,3.08,0.68,9.47,4
9.63,0.327,0.457,2.53,0.085,13,16,0.99579,3.19,0.7,10.53,6
6.06,0.282,0.241,1.34,0.071,16,64,0.99666,3.31,0.91,9.88,6
7.96,0.643,0.581,2.85,0.037,14,94,0.99668,3.39,0.5,10.59,6
7.48,0.488,0.354,1.93,0.083,28,59,0.99639,3.33,0.55,10.8,6
8.39,0.477,0.145,1.97,0.087,3,23,0.99671,3.31,0.53,9.48,5
8.5,0.54,0.009,1.77,0.076,29,45,0.99552,3.19,0.8,10.99,6
8.63,0.504,0.58,1.71,0.066,15,17,0.99719,3.14,0.62,9.36,5
9.32,0.749,0.155,2.21,0.062,25,83,0.99727,3.57,0.73,9.92,5
12.27,0.343,0.392,1.41,0.043,11,79,0.99883,3.37,0.6,11.51,7
6.87,0.763,0.497,2.19,0.057,29,81,0.99544,3.51,0.39,10.53,5
6.47,0.504,0.012,2.79,0.094,18,29,0.99831,3.29,0.47,9.05,6
9.21,0.429,0.145,2.85,0.112,8,19,0.99747,3.31,0.7,9.82,4
7.4,0.496,0.371,0.9,0.085,4,53,0.9962,3.28,0.7,10.33,5
9.44,0.557,0.56,5.47,0.038,1,31,0.99755,3.12,0.73,9.68,5
6.27,0.12,0.133,1.93,0.093,21,43,0.99581,3.44,0.56,10.65,5
6.33,0.428,0.152,3.72,0.091,7,34,0.99686,3.51,1.17,8.96,5
6.95,0.735,0.068,1.79,0.056,25,64,0.99666,3.1,0.9,9.07,5
6.4,0.755,0.652,2.53,0.095,8,39,0.99672,3.25,0.86,9.24,5
7.25,0.598,0.359,1.59,0.081,5,15,0.99472,3.35,0.81,11.23,5
9.57,0.546,0.457,2.54,0.062,17,37,0.99496,3.14,0.33,9.43,5
6.34,0.275,0.139,2.16,0.047,16,36,0.99551,3.58,0.55,10.3,6
7.02,0.337,0.054,1.35,0.102,10,29,0.99732,3.36,0.53,11.29,5
9.52,0.635,0.355,2.61,0.071,9,50,0.99683,3.59,0.75,9.22,5
7.6,0.656,0.594,1.39,0.076,37,66,0.99686,3.21,0.45,10.52,5
8.3,0.552,0.383,3.55,0.091,3,25,0.99723,3.21,0.5,10.39,5
9.22,0.476,0.0,1.15,0.08,8,23,0.99686,3.19,0.88,9.83,5
9.38,0.225,0.313,2.26,0.074,22,42,0.99666,3.2,0.62,10.98,6
8.12,0.335,0.032,2.12,0.054,11,67,0.99632,3.51,0.95,11.17,7
7.38,0.683,0.0,0.9,0.075,6,32,0.99539,3.49,0.72,11.83,6
5.31,0.443,0.209,2.41,0.051,16,19,0.99848,3.49,0.67,9.86,5
8.46,0.714,0.356,4.33,0.156,12,27,0.99674,3.17,0.53,9.13,4
9.35,0.425,0.376,2.61,0.068,9,34,0.99719,3.19,0.67,10.07,5
9.19,0.689,0.43,2.98,0.088,33,65,0.99504,3.34,0.76,10.77,6
5.32,0.504,0.473,1.62,0.17,36,93,0.99604,3.45,0.9,9.78,6
8.3,0.476,0.068,1.74,0.092,24,51,0.99576,3.39,0.59,8.7,5
8.77,0.443,0.173,2.33,0.074,27,42,0.99666,3.49,0.62,9.51,5
8.03,0.728,0.357,1.53,0.095,6,22,0.99663,3.45,0.46,10.63,5
5.34,0.151,0.0,1.9,0.107,3,30,0.99614,3.41,0.69,9.3,6
6.4,0.393,0.314,1.17,0.1,3,32,0.99699,3.5,0.55,10.69,6
5.54,0.473,0.0,2.72,0.072,15,156,0.99715,3.37,0.46,10.27,5
9.53,0.333,0.468,1.26,0.154,17,58,0.99555,3.37,0.99,10.13,6
10.57,0.12,0.109,0.9,0.066,18,53,0.99674,3.12,0.8,12.21,6
7.48,0.631,0.018,0.9,0.107,9,81,0.99538,3.26,0.72,10.1,5
5.43,0.276,0.432,3.37,0.087,5,28,0.99616,3.34,0.57,10.99,6
6.84,0.349,0.127,2.19,0.031,18,57,0.99584,3.25,0.71,9.63,6
9.43,0.254,0.475,2.26,0.069,8,45,0.99633,3.22,0.55,10.17,5
8.16,0.532,0.021,0.97,0.078,28,66,0.99439,3.34,0.66,10.14,4
9.86,0.317,0.322,3.63,0.097,8,22,0.99707,3.01,0.54,9.33,5
5.93,0.375,0.442,1.53,0.089,5,106,0.99621,3.3,0.5,11.96,6
9.13,0.294,0.538,4.62,0.039,21,42,0.99714,3.32,0.84,10.48,6
7.35,0.737,0.564,1.57,0.086,8,56,0.9967,3.36,0.46,10.09,5
8.53,0.492,0.363,0.9,0.05,12,28,0.99615,3.28,0.52,10.16,5
9.73,0.794,0.192,3.97,0.084,12,51,0.99693,3.18,0.48,10.73,5
8.65,0.706,0.327,2.09,0.122,19,54,0.99683,3.35,0.76,10.98,5
11.43,0.673,0.156,4.95,0.144,12,52,0.99541,3.29,0.37,9.29,5
8.35,0.471,0.655,1.86,0.061,26,59,0.99637,3.35,0.71,11.44,7
8.38,0.861,0.0,1.6,0.048,13,31,0.99631,3.29,0.73,9.72,4
5.77,0.557,0.159,2.47,0.117,22,65,0.99594,3.54,0.64,10.26,4
8.67,0.69,0.0,1.47,0.079,9,72,0.99519,3.4,0.62,10.73,5
5.95,0.389,0.177,1.69,0.073,25,47,0.99501,3.32,0.58,11.61,6
9.31,0.405,0.197,1.3,0.092,13,54,0.99655,3.55,0.86,11.35,6
7.35,0.526,0.387,4.05,0.08,11,16,0.99771,3.51,0.8,9.48,5
9.21,0.411,0.115,2.68,0.069,20,82,0.99597,3.28,0.57,10.98,6
8.16,0.701,0.198,1.59,0.052,2,83,0.99527,3.26,0.66,10.22,5
7.53,0.718,0.106,1.37,0.051,15,57,0.99619,3.37,0.54,10.65,6
6.87,0.647,0.436,2.51,0.095,9,32,0.99707,3.32,0.5,8.57,5
7.85,0.526,0.157,1.63,0.069,38,63,0.99739,3.3,0.78,9.34,5
11.35,0.529,0.131,1.58,0.102,3,102,0.99498,3.25,0.75,10.59,5
8.49,0.574,0.195,1.86,0.109,6,19,0.99683,3.32,0.69,11.3,4
9.35,0.238,0.662,4.17,0.11,33,59,0.99813,3.25,0.93,12.95,7
11.15,0.889,0.0,1.11,0.05,20,58,0.99478,3.08,0.54,11.6,6
11.15,0.712,0.221,2.5,0.06,14,58,0.99554,3.13,0.64,11.09,6
8.44,0.504,0.353,2.07,0.064,13,22,0.99723,3.32,1.04,9.75,5
6.46,0.665,0.272,4.15,0.129,29,49,0.99738,3.27,0.59,10.22,5
5.43,0.652,0.432,1.72,0.097,26,73,0.99687,3.37,0.47,11.9,5
10.41,0.411,0.07,2.78,0.046,17,33,0.99694,3.11,0.6,11.7,7
7.05,0.448,0.042,2.83,0.047,14,53,0.99647,3.32,0.79,11.51,5
9.9,0.901,0.269,2.78,0.072,6,30,0.99751,3.31,0.74,10.87,4
10.52,0.64,0.054,1.52,0.087,10,30,0.99559,3.33,0.46,9.59,5
9.54,0.588,0.331,1.4,0.077,9,18,0.99524,3.12,0.5,9.32,6
11.93,0.509,0.245,2.13,0.051,31,99,0.99546,3.06,0.61,8.53,6
10.33,0.189,0.377,2.51,0.111,15,18,0.99681,3.06,0.58,9.87,6
7.24,0.776,0.604,1.12,0.061,17,31,0.99586,3.42,0.55,9.63,4
7.78,0.54,0.334,1.7,0.054,8,20,0.99682,3.36,0.58,9.34,5
7.55,0.497,0.208,2.32,0.1,15,41,0.99667,3.19,0.79,10.96,5
5.1,0.675,0.557,2.88,0.12,13,23,0.99614,3.52,0.88,9.66,5
9.66,0.885,0.549,3.29,0.068,29,33,0.9959,3.44,0.91,10.71,6
8.44,0.85,0.167,3.7,0.054,19,78,0.99778,3.33,0.68,9.59,5
9.44,0.57,0.011,2.9,0.035,29,56,0.99708,3.13,0.46,11.01,6
7.32,0.259,0.256,2.54,0.068,2,64,0.99665,3.4,0.54,9.58,6
7.43,0.254,0.477,2.03,0.086,26,32,0.99477,3.46,0.81,11.86,6
6.7,0.428,0.382,1.32,0.072,28,117,0.99634,3.18,0.7,10.62,6
8.58,0.12,0.036,1.55,0.08,6,29,0.9955,3.54,0.8,12.63,6
6.54,0.442,0.382,2.43,0.063,15,24,0.99582,3.39,0.75,10.24,5
9.1,0.592,0.036,1.61,0.045,11,40,0.99617,3.24,0.63,9.86,5
10.49,0.778,0.053,1.86,0.119,14,73,0.9969,3.23,0.33,11.23,5
9.19,0.553,0.054,4.12,0.039,18,34,0.99675,3.34,0.33,9.06,5
7.4,0.264,0.176,4.35,0.095,13,37,0.99623,3.38,0.66,10.4,5
8.41,0.711,0.384,3.96,0.085,16,24,0.99746,3.34,0.58,10.94,6
7.55,0.194,0.0,1.31,0.055,17,34,0.99625,3.4,0.68,11.54,7
8.12,0.538,0.476,4.12,0.071,15,38,0.99752,3.44,0.67,8.4,5
10.35,0.567,0.115,3.19,0.046,23,67,0.99696,3.3,0.72,10.9,6
7.85,0.33,0.0,1.5,0.051,5,21,0.9953,3.5,0.63,10.3,6
6.25,0.209,0.0,2.67,0.094,10,28,0.99697,3.34,0.71,11.85,6
6.19,0.761,0.284,1.69,0.074,8,50,0.99676,3.28,0.52,13.24,6
9.87,0.552,0.052,2.13,0.054,26,100,0.99659,3.26,0.54,9.73,5
8.05,0.591,0.0,3.81,0.095,9,48,0.99699,3.3,0.74,10.49,5
8.63,0.464,0.0,4.43,0.091,14,47,0.99741,3.16,0.41,10.93,6
6.53,0.696,0.455,2.64,0.054,21,51,0.99782,3.59,0.44,11.05,5
7.29,0.702,0.372,1.97,0.075,35,52,0.99656,3.16,0.69,11.81,8
5.85,0.628,0.018,2.24,0.104,10,38,0.99641,3.22,0.48,12.56,6
9.68,0.373,0.403,2.29,0.081,5,23,0.99698,3.37,0.41,11.47,6
6.97,0.213,0.166,2.84,0.083,39,101,0.99571,3.62,0.77,11.74,6
10.56,0.461,0.121,2.78,0.042,9,17,0.99581,3.22,0.8,10.38,5
7.65,0.719,0.38,3.42,0.062,30,38,0.99616,3.26,0.61,11.08,5
9.58,0.537,0.174,3.5,0.111,9,15,0.99645,3.22,0.6,11.56,6
7.81,0.594,0.105,1.84,0.123,47,134,0.99711,3.32,0.85,10.65,6
6.92,0.288,0.077,1.25,0.109,37,131,0.99535,3.39,0.72,9.55,6
9.09,0.712,0.256,1.45,0.051,20,44,0.9966,3.3,0.43,9.56,5
8.26,0.675,0.409,2.78,0.082,18,65,0.99603,3.25,0.77,10.11,5
7.13,0.79,0.122,6.14,0.128,3,25,0.99746,3.5,0.63,10.99,4
9.27,0.783,0.57,3.2,0.044,35,77,0.99696,3.18,0.61,9.17,5
9.19,0.541,0.329,8.7,0.037,26,66,0.99947,3.35,0.95,10.11,4
6.83,0.525,0.165,2.3,0.082,30,58,0.99725,3.18,1.1,11.17,5
11.04,0.321,0.221,1.17,0.072,17,33,0.99639,3.13,0.58,10.35,5
8.66,0.909,0.0,2.03,0.048,9,24,0.99675,3.07,0.58,9.94,4
5.22,0.609,0.218,3.66,0.041,32,60,0.99558,3.28,0.72,10.33,5
9.97,0.744,0.323,2.95,0.086,1,24,0.99674,3.25,0.86,12.08,6
8.33,0.706,0.258,3.82,0.052,32,99,0.99756,3.15,0.33,11.08,6
6.77,0.74,0.138,3.0,0.062,8,19,0.99621,3.4,0.36,10.71,4
6.9,0.467,0.304,1.66,0.095,16,60,0.99582,3.61,0.49,8.66,5
9.39,0.316,0.335,4.3,0.035,14,29,0.99829,3.23,0.51,11.54,6
9.8,0.562,0.323,2.14,0.12,20,36,0.99727,3.27,0.57,11.02,5
6.15,0.352,0.0,2.23,0.064,3,16,0.99558,3.43,0.75,11.46,6
7.91,0.569,0.267,1.27,0.057,16,30,0.99603,3.3,0.9,9.33,6
6.49,0.5,0.486,1.31,0.121,5,106,0.99575,3.11,1.19,10.45,6
10.3,0.394,0.793,3.71,0.029,5,21,0.99848,3.06,0.33,10.26,5
6.18,0.382,0.29,1.87,0.178,53,74,0.99761,3.41,0.39,10.78,6
6.46,0.12,0.0,3.26,0.036,22,30,0.99546,3.22,0.38,8.68,5
8.45,0.607,0.121,1.0,0.062,8,31,0.99603,3.44,0.91,12.0,5
10.19,0.542,0.057,3.92,0.081,18,24,0.99589,3.22,0.8,9.46,5
8.53,0.575,0.039,2.9,0.022,13,28,0.99758,3.5,0.5,11.72,6
9.31,0.346,0.316,1.66,0.078,11,40,0.99864,3.4,0.57,11.95,6
7.99,0.62,0.198,1.61,0.041,26,52,0.99555,3.38,1.04,9.94,5
7.74,0.382,0.254,4.84,0.077,10,29,0.99866,3.37,0.75,10.04,5
9.02,0.611,0.319,1.74,0.124,29,65,0.99823,3.03,0.53,10.28,5
7.95,0.603,0.624,1.69,0.088,11,47,0.99496,3.13,0.63,10.31,6
8.73,0.528,0.0,1.69,0.067,20,65,0.99641,3.32,0.66,10.37,6
6.64,0.323,0.363,1.33,0.111,9,40,0.99613,3.37,0.4,11.98,6
8.8,0.321,0.487,2.4,0.152,6,25,0.99638,3.31,0.57,12.07,5
8.91,0.584,0.022,4.78,0.047,3,11,0.99687,3.28,0.81,11.15,6
8.97,0.592,0.289,2.26,0.086,44,81,0.99708,3.34,0.76,9.94,5
8.27,0.508,0.0,3.31,0.065,3,35,0.99637,3.28,0.51,10.53,6
5.84,0.238,0.046,3.82,0.043,11,36,0.99552,3.23,0.55,10.33,6
7.99,0.435,0.634,2.72,0.062,8,45,0.9953,3.29,0.52,11.17,5
7.12,0.431,0.595,5.02,0.04,4,21,0.99783,3.1,0.61,10.82,6
8.19,0.484,0.437,3.07,0.048,17,42,0.99544,3.4,0.68,8.94,4
8.48,0.584,0.238,4.83,0.065,17,60,0.99528,3.32,0.49,10.52,5
7.9,0.721,0.288,1.29,0.056,15,62,0.99577,3.38,0.73,10.88,5
10.08,0.598,0.365,1.12,0.071,25,43,0.99681,3.25,0.57,10.55,5
10.15,0.582,0.328,2.31,0.038,6,40,0.99574,3.42,0.83,10.02,5
7.89,0.311,0.212,3.09,0.124,2,24,0.99656,3.13,1.08,11.22,5
8.29,0.46,0.004,3.34,0.058,13,30,0.99649,3.29,0.42,11.02,5
4.6,0.388,0.253,0.9,0.053,34,49,0.99642,3.57,0.33,10.44,6
8.94,0.605,0.194,1.8,0.054,7,36,0.99741,3.32,0.59,11.33,6
7.43,0.401,0.448,2.05,0.154,20,93,0.99637,3.45,0.76,10.93,6
10.61,0.7,0.012,1.9,0.092,17,33,0.99602,2.98,0.89,9.37,4
12.28,0.521,0.292,0.98,0.051,19,24,0.99821,3.24,0.6,9.32,6
6.94,0.438,0.433,1.52,0.071,8,55,0.99617,3.37,0.84,10.8,6
7.9,0.571,0.348,4.07,0.108,6,37,0.99924,3.28,0.68,10.85,6
6.84,0.527,0.25,1.83,0.057,5,31,0.99585,3.53,0.76,9.68,6
6.87,0.689,0.629,2.07,0.078,11,32,0.99706,3.0,0.54,11.61,6
10.1,0.336,0.434,2.11,0.067,11,19,0.99691,3.35,0.6,11.84,6
8.03,0.222,0.255,1.56,0.12,13,26,0.9958,3.41,0.78,9.91,5
7.51,0.294,0.204,1.17,0.061,8,15,0.99517,3.37,0.42,12.55,6
8.42,0.683,0.006,6.3,0.05,12,33,0.99713,3.36,0.87,11.19,5
10.0,0.578,0.141,3.63,0.042,24,42,0.9969,3.26,0.39,12.18,5
9.84,0.37,0.328,3.21,0.096,23,64,0.9964,3.28,0.59,11.83,6
5.01,0.631,0.066,1.23,0.049,8,63,0.99717,3.45,0.79,10.82,5
8.81,0.485,0.156,2.01,0.055,4,27,0.99542,3.13,0.7,9.85,4
7.54,0.708,0.339,2.75,0.065,6,37,0.99677,3.41,0.69,10.81,4
9.64,0.211,0.461,2.61,0.07,13,66,0.99781,3.18,0.65,10.48,6
8.0,0.559,0.109,1.1,0.081,5,55,0.99449,3.19,0.57,10.44,5
8.84,0.164,0.147,1.39,0.078,7,70,0.99577,3.31,0.85,9.04,6
7.26,0.814,0.0,3.08,0.098,10,52,0.99725,3.44,0.54,9.23,5
9.63,0.205,0.192,3.26,0.057,9,24,0.99639,3.37,0.7,10.39,6
5.69,0.534,0.243,2.3,0.105,8,41,0.9969,3.67,0.47,10.61,5
9.24,0.499,0.238,2.65,0.158,8,69,0.99645,3.5,0.58,10.51,6
6.49,0.409,0.097,4.62,0.074,5,16,0.99702,3.34,0.84,10.32,7
6.86,0.455,0.195,1.12,0.053,19,118,0.99572,3.3,0.58,10.35,6
9.38,0.533,0.191,1.6,0.059,15,40,0.99692,3.34,0.65,8.77,6
5.9,0.739,0.118,2.28,0.061,19,72,0.99496,3.65,0.78,10.39,5
6.9,0.482,0.139,3.44,0.076,14,31,0.99836,3.18,0.8,11.64,5
7.04,0.827,0.484,2.59,0.06,29,93,0.99628,3.41,0.56,9.83,4
7.53,0.567,0.241,1.07,0.084,23,35,0.99534,3.51,0.75,8.4,5
9.78,0.325,0.22,1.31,0.056,16,39,0.99559,3.16,0.55,9.83,5
12.48,0.402,0.416,2.6,0.059,9,55,0.99641,3.28,0.71,11.18,6
8.39,0.449,0.002,2.72,0.104,8,34,0.99749,3.41,0.62,11.39,5
10.78,0.518,0.146,1.64,0.093,35,63,0.99587,3.37,0.6,9.92,5
5.94,0.271,0.405,2.21,0.043,8,19,0.99572,3.7,0.69,10.39,7
7.98,0.334,0.345,2.75,0.073,13,72,0.99614,3.36,0.59,8.79,5
6.24,0.388,0.213,2.94,0.045,26,89,0.99555,3.41,0.56,11.03,6
4.6,0.635,0.095,3.53,0.1,4,10,0.99644,3.3,0.78,8.97,5
7.29,0.755,0.37,2.98,0.121,16,72,0.99804,3.41,0.65,9.74,5
6.71,0.335,0.113,2.35,0.092,3,32,0.99541,3.18,0.63,10.06,5
10.03,0.598,0.177,4.12,0.112,7,59,0.99622,3.19,0.4,10.76,4
11.42,0.383,0.368,1.55,0.047,7,90,0.99569,3.27,0.88,8.4,5
8.58,0.569,0.53,0.93,0.06,4,32,0.99628,3.3,0.52,13.37,6
10.06,0.315,0.274,4.21,0.071,23,78,0.99714,3.28,0.86,10.01,6
8.03,0.595,0.339,3.78,0.078,8,11,0.99782,3.05,0.95,8.4,4
8.36,0.204,0.06,3.55,0.042,2,39,0.99865,3.19,0.5,10.27,6
10.21,0.457,0.286,3.19,0.065,15,24,0.99768,3.19,0.44,11.06,5
5.54,0.536,0.154,2.89,0.066,10,16,0.99674,3.52,0.86,10.28,6
12.3,0.506,0.356,1.23,0.101,15,42,0.99723,2.93,0.65,12.18,5
8.29,0.686,0.419,4.49,0.06,25,58,0.99776,3.23,0.49,8.46,4
5.17,0.228,0.113,1.66,0.073,16,90,0.9953,3.33,0.95,9.46,6
8.51,0.674,0.613,1.67,0.092,7,40,0.99578,3.22,0.67,11.6,6
7.26,0.197,0.351,2.28,0.152,23,37,0.99777,3.39,0.88,10.03,6
7.15,0.612,0.136,1.81,0.088,4,36,0.99651,3.32,0.81,12.05,6
6.87,0.36,0.352,2.6,0.059,3,56,0.99744,3.35,0.8,11.04,6
7.67,0.421,0.513,1.71,0.109,15,64,0.99675,3.24,0.76,11.08,7
7.06,0.77,0.498,2.72,0.066,13,38,0.99677,3.12,0.62,9.87,5
7.45,0.635,0.302,2.24,0.067,10,27,0.99572,3.29,0.87,9.36,5
7.04,0.585,0.245,2.51,0.142,4,33,0.99678,3.19,0.83,9.95,5
4.67,0.605,0.344,2.09,0.094,3,38,0.99581,3.47,0.71,11.02,5
8.86,0.321,0.23,2.48,0.046,12,66,0.99697,3.54,0.59,10.82,5
8.95,0.545,0.227,1.76,0.074,33,60,0.99572,3.47,0.75,9.76,5
7.27,0.486,0.295,1.72,0.083,42,96,0.99582,3.32,0.61,12.17,6
6.41,0.764,0.0,2.25,0.092,5,47,0.99707,3.19,1.0,10.94,6
5.92,0.592,0.106,2.0,0.097,5,12,0.99567,3.43,0.84,9.19,4
9.75,0.429,0.164,5.26,0.07,4,24,0.99729,3.28,0.92,9.3,5
7.28,0.449,0.453,1.36,0.07,11,55,0.99579,3.37,0.6,10.65,5
10.02,0.519,0.486,0.96,0.081,21,56,0.99638,3.18,0.82,9.58,5
9.22,0.281,0.338,2.95,0.062,17,51,0.99679,3.21,0.63,9.58,6
8.67,0.401,0.339,1.19,0.123,6,14,0.99576,3.46,0.47,8.84,4
7.43,0.452,0.225,2.63,0.111,6,31,0.99745,3.18,0.94,11.79,6
6.75,0.346,0.547,2.49,0.148,8,68,0.99835,3.3,0.55,9.84,6
4.91,0.469,0.139,1.9,0.062,9,80,0.9968,3.2,0.71,9.42,5
8.17,0.703,0.55,1.98,0.098,9,27,0.99655,3.4,0.48,9.95,4
6.51,0.497,0.195,1.73,0.072,21,35,0.99572,3.37,0.53,11.45,5
7.88,0.464,0.513,3.47,0.072,12,40,0.99664,3.02,0.79,9.83,7
8.2,0.336,0.263,1.82,0.146,11,33,0.99533,3.18,0.55,11.21,6
5.18,0.531,0.529,1.86,0.07,25,57,0.99708,3.35,0.77,10.07,4
10.86,0.546,0.468,1.11,0.102,13,40,0.99727,3.31,0.5,9.73,5
7.82,0.512,0.222,1.66,0.055,15,36,0.99651,3.31,0.8,11.11,7
8.66,0.787,0.113,1.54,0.119,9,35,0.99581,3.53,0.74,12.13,6
5.5,0.663,0.461,3.18,0.061,7,36,0.99573,3.56,0.79,11.32,6
8.53,0.794,0.514,3.46,0.119,10,43,0.99649,3.38,0.61,11.12,5
7.73,0.686,0.358,2.19,0.098,13,45,0.99639,3.28,0.89,10.66,6
7.01,0.316,0.063,1.38,0.036,9,28,0.99527,3.62,0.68,11.36,7
7.89,0.756,0.364,1.57,0.055,27,68,0.99703,3.2,0.4,9.81,5
9.15,0.152,0.258,2.81,0.094,9,33,0.99581,3.11,0.86,10.26,6
10.38,0.622,0.602,3.49,0.074,7,26,0.99638,3.46,0.67,11.9,5
5.65,0.423,0.233,2.11,0.051,19,57,0.99588,3.43,0.55,10.26,5
8.95,0.287,0.431,2.83,0.135,20,83,0.99749,3.05,0.56,9.05,4
12.74,0.359,0.108,2.25,0.119,31,58,0.99635,3.12,0.79,11.0,6
10.77,0.396,0.582,1.53,0.123,31,58,0.99583,3.05,0.46,10.81,5
8.95,1.125,0.722,2.02,0.168,5,10,0.99742,3.22,1.03,10.88,6
5.98,0.566,0.043,2.2,0.089,14,33,0.99714,3.36,0.52,8.4,5
9.38,0.477,0.507,2.36,0.048,8,17,0.99627,3.4,0.58,9.29,5
8.14,0.545,0.647,1.08,0.043,18,65,0.99648,3.28,0.68,10.35,6
7.0,0.519,0.373,3.06,0.119,16,49,0.99616,3.42,0.37,10.85,6
11.97,0.726,0.603,1.93,0.111,12,74,0.99634,3.28,0.45,11.24,6
8.94,0.483,0.526,1.51,0.078,12,48,0.99658,3.25,0.85,10.42,6
8.55,0.717,0.506,3.49,0.034,4,25,0.99648,3.45,0.53,9.35,4
10.32,0.377,0.088,1.57,0.109,17,33,0.99655,3.34,0.37,12.77,5
6.7,0.571,0.403,1.2,0.117,12,112,0.99541,3.38,0.71,10.27,6
7.22,0.588,0.825,3.31,0.079,22,33,0.99651,3.35,0.63,10.66,6
8.22,0.491,0.0,1.52,0.114,3,40,0.99677,3.36,0.99,10.33,5
9.65,0.424,0.08,0.9,0.051,17,21,0.99479,3.35,0.46,9.81,5
9.18,0.574,0.115,2.73,0.079,9,29,0.9964,3.29,0.81,10.49,5
5.41,0.65,0.085,2.52,0.05,5,38,0.99641,3.19,0.57,9.67,5
8.03,0.833,0.219,2.39,0.043,7,37,0.99516,3.38,0.65,9.8,6
8.85,0.495,0.64,3.55,0.092,4,19,0.99532,3.24,0.6,11.53,6
5.2,0.884,0.647,3.16,0.077,22,52,0.99694,3.42,0.97,9.7,5
7.64,0.887,0.415,1.41,0.12,32,58,0.99545,3.48,0.59,10.15,5
8.67,0.683,0.167,2.51,0.061,23,26,0.99699,3.34,0.63,11.94,6
8.79,0.597,0.491,0.9,0.076,10,21,0.99594,3.32,0.74,10.48,6
5.57,0.316,0.235,6.25,0.056,5,34,0.9977,3.4,0.38,10.57,5
6.05,0.455,0.163,0.98,0.088,3,19,0.99637,3.44,0.4,10.86,6
8.38,0.43,0.13,2.41,0.065,5,51,0.99582,3.35,0.9,8.4,5
7.11,0.452,0.0,3.04,0.043,27,93,0.99556,3.47,0.71,11.51,6
7.76,0.618,0.515,2.39,0.056,36,79,0.99668,3.28,0.65,10.83,5
9.86,0.499,0.35,1.39,0.051,13,47,0.99754,3.29,0.65,8.47,5
11.39,0.542,0.4,1.46,0.077,13,23,0.9973,3.25,0.66,9.87,6
11.99,0.476,0.463,2.74,0.071,23,40,0.99661,3.29,0.78,10.49,6
7.13,0.795,0.074,2.87,0.064,2,21,0.99719,3.24,0.68,10.27,6
6.74,0.964,0.0,2.38,0.058,9,22,0.99566,3.25,0.56,9.7,5
7.44,0.717,0.252,4.18,0.101,5,26,0.99729,3.47,0.79,10.08,4
10.49,0.516,0.0,2.93,0.058,19,47,0.99691,3.26,0.67,9.58,4
5.54,0.66,0.524,1.35,0.091,16,52,0.99651,3.5,0.62,10.46,4
4.6,0.372,0.413,1.64,0.101,18,97,0.99574,3.39,0.7,10.76,6
7.03,0.514,0.585,1.59,0.108,11,38,0.99578,3.3,0.59,12.25,6
7.48,0.643,0.032,1.35,0.058,22,34,0.99489,3.24,0.72,10.54,5
6.72,0.198,0.0,1.51,0.094,14,30,0.99567,3.47,0.75,9.81,6
7.55,0.431,0.329,3.33,0.027,3,27,0.99551,3.45,0.55,11.42,6
10.03,0.272,0.538,3.37,0.076,10,33,0.99764,3.46,0.7,8.75,5
9.13,0.762,0.292,1.8,0.078,10,18,0.99635,3.11,0.42,10.64,5
7.02,0.737,0.156,2.23,0.051,30,77,0.99737,3.32,0.9,12.39,6
4.6,0.32,0.148,2.35,0.118,25,73,0.99503,3.4,0.65,9.53,5
8.64,0.342,0.177,1.2,0.029,8,28,0.99542,3.2,0.61,9.48,6
7.41,0.493,0.316,2.13,0.182,33,129,0.99571,3.33,0.57,9.07,5
10.02,0.79,0.0,3.42,0.117,26,55,0.99597,3.2,0.55,11.16,5
9.18,0.863,0.399,1.0,0.095,5,11,0.99578,3.18,0.9,8.89,4
7.6,0.378,0.323,0.9,0.077,11,15,0.99632,3.31,0.74,10.56,5
4.87,0.552,0.0,2.93,0.151,14,80,0.99649,3.52,0.66,11.23,5
8.3,0.433,0.37,5.56,0.102,5,26,0.99686,3.27,0.75,8.4,5
8.87,0.535,0.426,1.8,0.046,14,58,0.99665,3.32,0.47,11.01,6
6.11,0.439,0.137,1.26,0.051,6,41,0.99523,3.31,0.82,10.52,6
10.55,0.698,0.217,2.78,0.065,13,27,0.99796,3.21,0.65,11.76,5
7.24,0.444,0.0,2.55,0.051,21,96,0.99694,3.39,0.45,10.34,6
5.33,0.443,0.369,2.47,0.076,24,78,0.99671,3.41,0.52,10.87,5
4.6,0.563,0.447,2.87,0.059,23,85,0.99746,3.45,0.69,10.14,4
10.78,0.679,0.336,2.22,0.08,10,41,0.9957,3.23,0.75,8.4,5
6.13,0.234,0.271,1.56,0.049,15,103,0.99607,3.35,0.84,8.92,6
9.36,0.442,0.353,3.59,0.118,22,31,0.99727,3.09,0.82,10.36,6
5.34,0.451,0.174,4.5,0.054,20,26,0.99887,3.47,0.75,10.82,7
10.42,0.406,0.376,2.05,0.105,4,46,0.99658,3.21,0.58,11.42,7
11.05,0.581,0.219,0.95,0.068,16,43,0.99537,3.52,0.39,8.5,5
5.94,0.585,0.663,2.22,0.067,17,53,0.99643,3.38,0.79,10.34,5
5.72,0.631,0.402,1.16,0.062,20,98,0.99543,3.35,0.65,8.4,4
9.21,0.572,0.146,2.28,0.083,15,57,0.99614,3.19,0.36,8.41,4
7.34,0.535,0.246,2.96,0.089,58,84,0.99578,3.24,0.81,10.54,5
7.82,0.602,0.518,1.6,0.075,3,6,0.99694,3.31,0.54,10.58,5
5.6,0.698,0.317,3.36,0.071,20,52,0.99538,3.67,0.53,9.69,5
7.94,0.294,0.462,2.52,0.154,11,71,0.99533,3.36,0.72,10.06,6
6.2,0.747,0.44,4.91,0.118,6,21,0.99502,3.43,0.42,9.1,4
9.69,0.595,0.36,2.92,0.07,22,29,0.99649,3.08,0.8,10.26,6
5.69,0.348,0.0,2.03,0.113,27,47,0.99667,3.39,1.0,9.13,4
6.68,0.371,0.159,2.61,0.063,13,65,0.99641,3.4,0.51,9.73,6
10.27,0.294,0.591,0.9,0.044,20,66,0.99562,3.36,0.75,10.39,6
7.71,0.588,0.277,4.8,0.076,4,49,0.99656,3.36,0.54,9.21,4
6.65,0.828,0.0,1.22,0.085,20,53,0.99703,3.32,0.33,9.11,4
7.88,0.364,0.003,2.28,0.113,20,32,0.9962,3.28,0.42,11.22,6
7.76,0.139,0.545,2.28,0.055,11,25,0.99647,3.16,0.81,10.47,6
7.73,0.523,0.208,3.42,0.044,21,62,0.99688,3.43,0.49,9.43,4
9.6,1.11,0.0,2.64,0.083,8,68,0.99695,3.23,0.68,10.68,4
9.17,0.195,0.271,2.91,0.076,16,46,0.99675,3.27,0.85,9.68,6
8.01,0.606,0.556,2.54,0.069,2,10,0.99677,3.43,0.48,10.15,5
7.04,0.224,0.287,1.04,0.04,14,18,0.99577,3.5,1.1,10.73,6
11.68,0.531,0.235,2.14,0.082,23,41,0.99618,3.17,0.87,9.16,6
9.43,0.423,0.32,1.06,0.069,23,62,0.9956,3.34,0.57,9.48,4
8.64,0.749,0.111,2.29,0.055,17,49,0.99628,3.23,0.46,9.82,5
8.24,0.354,0.379,2.37,0.081,10,56,0.99727,3.32,0.7,10.02,5
8.81,0.403,0.0,3.11,0.054,27,43,0.99793,3.29,0.33,12.23,7
8.77,0.58,0.291,3.65,0.098,16,19,0.99776,3.19,0.61,11.36,5
9.15,0.517,0.238,2.08,0.122,16,36,0.99603,3.4,0.75,11.24,5
8.89,0.456,0.037,2.82,0.121,16,32,0.9982,3.41,0.66,10.34,6
8.6,0.604,0.154,1.7,0.106,14,97,0.99753,3.32,0.49,10.76,6
9.21,0.402,0.148,3.01,0.114,10,38,0.99811,3.36,0.69,9.72,4
8.02,0.608,0.574,3.54,0.08,21,66,0.99606,3.45,0.74,11.01,6
8.14,0.504,0.124,2.18,0.078,2,72,0.99601,3.35,0.59,10.07,6
9.3,0.713,0.099,1.35,0.076,5,53,0.99501,3.37,0.6,11.28,6
8.57,0.336,0.146,3.29,0.064,13,46,0.99787,3.39,0.74,11.83,6
7.16,0.469,0.0,2.78,0.073,6,23,0.99615,3.32,0.77,11.0,6
9.88,0.761,0.233,2.27,0.12,10,65,0.9964,3.31,0.72,9.89,4
9.32,0.571,0.283,2.42,0.097,9,48,0.9978,3.45,0.51,9.74,5
7.26,0.364,0.302,1.96,0.025,13,23,0.99532,3.37,0.7,8.52,5
8.72,0.408,0.236,3.95,0.072,4,35,0.99649,3.26,0.46,10.43,5
9.0,0.386,0.218,1.71,0.107,10,42,0.99446,3.34,0.85,9.98,5
7.84,0.945,0.342,1.67,0.042,15,53,0.99719,3.29,0.64,10.95,4
9.39,0.364,0.016,2.45,0.057,7,31,0.99587,3.43,0.82,9.98,5
4.6,0.354,0.473,0.98,0.072,10,29,0.99614,3.4,0.73,9.82,6
7.61,0.214,0.24,1.65,0.097,24,42,0.99659,3.51,0.45,10.65,6
6.0,0.51,0.285,2.28,0.055,9,50,0.99629,3.36,0.63,11.51,6
5.7,0.661,0.595,1.61,0.101,31,75,0.99565,3.21,0.74,9.98,5
9.53,0.516,0.176,2.69,0.081,36,49,0.99526,3.17,0.52,9.47,5
12.68,0.211,0.218,1.71,0.117,10,35,0.9955,3.34,0.61,10.16,6
6.16,0.573,0.218,2.38,0.076,13,42,0.99633,3.51,0.58,11.4,6
8.07,0.208,0.207,0.91,0.08,10,75,0.99623,3.42,0.8,10.97,6
9.82,0.63,0.06,3.2,0.037,22,29,0.99666,3.32,0.69,9.18,5
4.97,0.283,0.064,2.25,0.061,2,40,0.99731,3.34,0.74,10.84,5
8.8,0.29,0.106,1.1,0.059,5,66,0.99527,3.39,0.75,12.26,6
9.89,0.554,0.031,3.06,0.103,7,20,0.99643,3.24,0.62,9.32,5
4.6,0.498,0.309,3.4,0.059,32,82,0.99627,3.56,0.57,9.19,5
9.66,0.649,0.261,1.83,0.066,14,29,0.99732,3.31,0.53,11.01,5
9.87,0.546,0.456,3.44,0.055,26,66,0.99731,3.21,0.84,9.48,6
8.62,0.745,0.206,2.36,0.095,27,87,0.99761,3.68,0.33,10.97,4
10.74,0.614,0.232,1.55,0.036,15,42,0.99671,3.34,0.55,10.61,6
7.7,0.771,0.239,2.06,0.056,21,37,0.99626,3.19,0.86,11.61,5
8.54,0.791,0.048,3.33,0.033,11,23,0.99669,3.35,0.83,9.03,5
9.39,0.12,0.119,1.53,0.108,3,43,0.99528,3.33,0.61,11.38,6
8.84,0.189,0.169,1.8,0.069,14,38,0.99505,3.22,0.64,11.01,5
9.65,0.395,0.379,1.75,0.045,37,59,0.99654,3.15,0.63,9.19,5
7.32,0.534,0.16,1.43,0.04,11,15,0.99669,3.49,0.76,9.79,5
7.23,0.491,0.0,2.33,0.041,48,108,0.99633,3.21,0.7,10.49,6
6.61,0.422,0.548,2.06,0.059,8,34,0.99616,3.25,0.75,11.87,7
8.96,0.571,0.374,1.82,0.061,11,13,0.99524,3.38,0.54,10.01,5
10.09,0.369,0.0,4.36,0.042,9,75,0.99758,3.22,0.72,11.23,6
11.84,0.415,0.0,2.1,0.225,9,58,0.99649,3.33,0.81,11.45,5
11.37,0.582,0.553,1.28,0.078,30,42,0.99601,3.12,0.56,10.21,5
5.94,0.635,0.167,2.52,0.062,13,65,0.99642,3.4,0.95,10.62,6
9.01,0.602,0.33,3.68,0.079,16,36,0.9958,3.39,0.59,10.45,5
11.74,0.576,0.674,1.85,0.07,2,8,0.99604,3.14,0.87,10.35,5
6.5,0.312,0.289,3.34,0.062,22,100,0.99601,3.49,0.57,9.14,6
9.93,0.336,0.283,1.51,0.037,25,29,0.99642,3.21,0.71,11.21,6
6.42,0.572,0.139,4.98,0.109,6,23,0.9973,3.26,0.88,9.77,5
8.73,0.441,0.152,2.3,0.15,6,11,0.99584,3.35,0.38,10.69,5
9.6,0.12,0.037,4.11,0.071,3,43,0.99853,3.2,0.73,9.72,5
10.88,0.588,0.369,1.82,0.038,3,21,0.99558,3.17,0.46,10.14,5
8.79,0.741,0.425,1.74,0.104,11,23,0.99657,3.23,0.84,11.32,5
7.57,0.633,0.47,0.99,0.128,8,23,0.99479,3.32,0.78,10.74,5
5.26,0.378,0.71,0.9,0.086,16,69,0.99742,3.61,0.47,9.5,5
5.84,0.723,0.101,1.39,0.103,21,61,0.99599,3.31,1.23,9.53,5
10.27,0.281,0.18,3.2,0.093,18,53,0.99629,3.15,0.38,9.7,5
8.65,0.663,0.478,1.26,0.066,12,30,0.99657,3.28,0.6,9.4,6
8.27,0.441,0.67,2.84,0.149,6,27,0.99534,3.12,0.92,10.31,5
9.39,0.331,0.0,2.84,0.067,19,61,0.99713,3.19,0.75,9.21,5
9.86,0.252,0.0,2.04,0.114,13,49,0.99599,3.33,0.6,9.84,6
12.35,0.698,0.099,1.85,0.065,7,32,0.99693,3.31,0.56,10.72,5
8.52,0.347,0.329,1.58,0.093,19,35,0.99698,3.42,0.67,11.61,6
10.07,0.607,0.748,3.37,0.172,13,18,0.99649,3.3,0.79,10.04,5
9.04,0.414,0.177,2.0,0.042,2,11,0.99641,3.0,0.58,10.3,6
8.53,0.331,0.449,2.75,0.058,24,57,0.99636,3.47,0.49,9.38,5
6.48,0.579,0.136,2.11,0.068,8,28,0.99641,3.35,0.56,9.29,5
8.86,0.323,0.293,1.35,0.17,15,73,0.99657,3.36,0.6,13.47,6
6.52,0.556,0.21,1.85,0.059,12,39,0.99555,3.36,0.66,9.32,4
6.25,0.608,0.674,1.99,0.061,5,12,0.99591,3.36,0.73,12.01,5
10.23,0.504,0.005,4.48,0.054,9,14,0.99712,3.14,0.73,10.16,6
6.53,0.309,0.194,1.07,0.09,41,53,0.9959,3.15,0.54,11.0,5
5.62,0.272,0.364,1.71,0.062,14,35,0.99497,3.57,0.87,10.86,6
6.84,0.754,0.036,4.73,0.067,28,40,0.99828,3.57,0.87,9.0,5
7.67,0.568,0.0,2.9,0.117,7,64,0.99593,3.36,0.58,10.1,5
6.22,0.553,0.135,2.55,0.046,24,42,0.99605,3.24,0.74,9.52,4
9.49,0.483,0.337,1.5,0.052,26,62,0.99628,3.13,0.65,10.29,6
9.0,0.536,0.212,2.88,0.065,19,24,0.99568,3.52,0.55,9.29,6
9.11,0.371,0.29,1.6,0.082,26,36,0.99645,3.09,0.42,11.94,6
9.6,0.474,0.445,1.67,0.126,26,70,0.99669,3.14,0.54,10.53,6
6.94,0.45,0.532,1.44,0.096,41,60,0.99618,3.41,0.55,10.51,6
9.53,0.386,0.389,2.39,0.076,28,57,0.99628,3.27,0.51,10.14,6
7.55,0.442,0.297,2.16,0.148,9,25,0.99726,3.32,0.54,8.6,5
6.91,0.282,0.095,1.85,0.06,19,23,0.99571,3.53,0.61,12.52,7
5.97,0.407,0.407,2.6,0.049,6,24,0.99841,3.4,0.59,10.53,6
7.72,0.476,0.0,1.16,0.109,17,65,0.99655,3.38,0.49,10.23,6
6.42,0.848,0.0,1.85,0.054,16,23,0.99763,3.45,0.95,12.23,6
9.33,0.35,0.705,1.03,0.043,21,40,0.99634,3.36,0.55,9.92,6
9.05,0.775,0.167,1.44,0.058,4,76,0.9961,3.28,0.64,10.38,6
6.16,0.541,0.287,1.51,0.066,16,76,0.9959,3.3,0.39,8.58,5
6.01,0.725,0.282,1.37,0.054,22,31,0.99565,3.48,0.67,10.94,6
8.88,0.41,0.319,1.21,0.063,21,65,0.99591,3.24,0.91,10.19,5
7.13,0.471,0.154,1.53,0.08,22,45,0.9953,3.41,0.76,10.47,6
8.6,0.633,0.0,4.82,0.048,8,41,0.99712,3.36,0.96,10.39,6
8.68,0.303,0.641,2.18,0.105,16,45,0.99552,3.16,0.82,11.11,6
8.81,0.657,0.029,1.65,0.08,23,44,0.99646,3.26,0.59,10.5,6
8.27,0.579,0.281,2.32,0.13,20,52,0.99731,3.25,0.77,10.65,5
8.08,0.567,0.021,2.98,0.076,39,89,0.99579,3.41,0.75,11.1,5
7.92,0.319,0.29,1.71,0.066,9,55,0.99724,3.41,0.62,11.34,7
7.53,0.729,0.0,1.04,0.083,28,61,0.99703,3.31,0.44,8.75,3
7.71,0.606,0.254,1.77,0.074,14,55,0.99591,3.24,0.73,10.53,5
7.15,0.3,0.135,1.2,0.135,8,15,0.99753,3.47,0.44,9.44,7
8.13,0.622,0.407,3.44,0.048,12,18,0.99773,3.19,0.64,10.63,5
10.31,0.635,0.7,1.81,0.062,12,24,0.99619,3.22,1.04,11.37,6
9.39,0.364,0.0,3.1,0.064,32,52,0.99822,3.33,0.67,10.08,6
6.38,0.628,0.635,2.19,0.08,18,28,0.99711,3.29,0.68,9.84,6
7.74,0.321,0.112,3.17,0.069,22,49,0.99648,3.59,0.78,9.61,6
8.12,0.627,0.495,0.94,0.04,14,39,0.99622,3.2,0.95,10.05,6
5.05,0.656,0.096,6.28,0.063,9,45,0.99688,3.45,1.03,10.08,5
6.3,0.585,0.301,0.9,0.081,14,38,0.9957,3.36,0.48,9.7,5
9.38,0.65,0.401,2.22,0.055,3,43,0.99629,3.22,0.73,11.07,6
8.08,0.177,0.124,2.85,0.052,4,23,0.99699,3.47,0.46,11.17,5
10.87,0.396,0.348,3.15,0.057,9,32,0.99668,3.04,0.59,10.23,6
7.18,0.22,0.149,1.52,0.07,9,96,0.99681,3.46,0.78,10.23,6
9.94,0.399,0.122,3.71,0.079,40,59,0.99783,3.27,0.69,11.47,6
7.88,0.364,0.267,2.03,0.065,17,53,0.99708,3.55,0.65,9.73,4
6.21,0.306,0.25,1.16,0.055,35,42,0.99768,3.23,0.76,11.24,7
8.34,0.552,0.096,1.81,0.095,8,25,0.99559,3.35,0.7,10.29,6
9.66,0.615,0.0,1.52,0.039,18,37,0.99493,3.12,0.66,11.0,6
8.48,0.588,0.301,4.42,0.112,1,39,0.99856,3.24,0.98,11.27,6
8.0,0.387,0.473,3.36,0.067,10,27,0.99686,3.44,0.89,10.03,6
9.15,0.786,0.553,3.56,0.083,11,52,0.99565,3.27,0.53,12.39,6
6.42,0.796,0.585,2.77,0.072,11,31,0.99667,3.39,0.55,10.22,5
7.54,0.701,0.134,3.02,0.099,5,40,0.99599,3.56,0.83,9.78,5
7.13,0.211,0.07,2.35,0.039,27,31,0.99651,3.33,0.58,10.57,5
9.31,0.622,0.201,3.31,0.097,7,25,0.99728,3.26,0.48,9.5,5
6.1,0.549,0.255,5.15,0.176,5,38,0.99874,3.34,0.85,12.38,6
8.6,0.522,0.441,1.98,0.092,15,61,0.9956,3.28,0.71,11.29,6
6.89,0.576,0.517,1.82,0.058,19,45,0.99589,3.43,0.85,12.47,6
4.6,0.137,0.72,1.58,0.12,8,57,0.99621,3.36,0.93,9.09,6
8.16,0.278,0.3,4.05,0.118,14,58,0.99622,3.24,0.6,10.29,6
6.36,0.798,0.094,2.93,0.171,22,43,0.99724,3.56,0.76,12.18,6
8.13,0.302,0.202,4.12,0.062,28,51,0.99701,3.36,0.77,10.61,5
9.08,0.652,0.121,2.45,0.098,14,68,0.99574,3.34,0.64,9.07,4
10.43,0.411,0.101,2.77,0.071,12,89,0.99672,3.09,0.47,8.4,4
6.78,0.256,0.412,0.97,0.082,13,22,0.99584,3.42,0.69,11.75,6
8.27,0.706,0.482,3.11,0.08,6,26,0.99549,3.13,0.6,9.84,6
11.46,0.394,0.45,0.95,0.111,21,61,0.99668,3.24,0.62,9.54,6
9.74,0.304,0.053,2.44,0.069,3,16,0.99668,3.3,0.34,9.67,6
7.89,0.409,0.504,1.94,0.073,21,72,0.99676,3.31,0.46,8.4,4
10.03,0.234,0.0,2.11,0.057,7,33,0.99633,3.3,0.8,11.63,6
10.83,0.632,0.186,4.03,0.065,12,70,0.99713,3.06,0.74,9.46,4
9.78,0.396,0.145,1.4,0.138,5,97,0.99696,3.23,0.8,11.15,6
7.28,0.561,0.54,4.13,0.135,14,28,0.99701,3.41,0.49,11.46,6
9.64,0.489,0.126,5.51,0.086,12,42,0.99749,3.12,0.63,8.92,5
8.48,0.615,0.333,2.65,0.075,19,25,0.99772,3.34,0.8,10.09,4
8.21,0.449,0.584,2.03,0.1,14,53,0.99667,3.2,0.71,11.47,6
9.29,0.592,0.249,2.31,0.036,10,19,0.9968,3.1,0.48,12.45,7
9.01,0.679,0.358,1.47,0.079,15,18,0.9966,3.37,0.33,11.99,5
8.47,0.355,0.0,2.38,0.115,26,47,0.99704,3.34,0.78,10.48,5
9.27,0.737,0.364,2.06,0.085,14,34,0.99481,3.35,0.62,8.56,4
9.83,0.134,0.442,2.08,0.114,13,31,0.99463,3.42,0.89,11.45,5
6.17,0.927,0.054,2.5,0.107,10,18,0.9967,3.29,1.03,10.49,5
6.67,0.582,0.6,0.9,0.069,26,96,0.99563,3.19,0.56,10.44,6
10.46,0.12,0.133,2.09,0.062,16,19,0.998,3.56,0.72,10.41,5
10.45,0.7,0.088,4.71,0.144,13,31,0.99542,3.14,0.73,9.39,5
8.96,0.935,0.209,2.09,0.074,5,10,0.99547,3.35,0.65,9.54,4
6.0,0.393,0.192,1.29,0.159,24,52,0.99658,3.59,0.93,8.4,4
9.91,0.87,0.382,1.32,0.09,14,49,0.99527,3.28,0.6,9.58,5
8.51,0.373,0.0,1.36,0.066,25,46,0.99627,3.18,0.56,11.37,6
9.51,0.801,0.268,1.02,0.058,16,37,0.99672,3.31,0.78,10.81,5
8.62,0.743,0.406,1.82,0.035,25,48,0.99785,3.48,0.73,9.18,6
7.66,0.569,0.211,3.13,0.197,5,26,0.99557,3.24,0.65,11.28,5
10.83,0.336,0.395,1.43,0.059,13,16,0.99596,3.19,0.67,11.1,6
8.36,0.233,0.299,1.24,0.051,4,34,0.99598,3.4,0.77,12.14,7
9.64,0.658,0.302,1.45,0.049,26,39,0.99609,3.16,0.64,9.8,5
5.82,0.63,0.25,1.82,0.08,12,27,0.99604,3.34,0.75,10.44,5
8.65,0.442,0.567,4.75,0.106,10,27,0.99635,3.2,0.78,11.76,6
11.37,0.848,0.364,2.36,0.074,23,51,0.9963,3.1,0.43,9.0,3
8.95,0.567,0.241,3.22,0.144,9,43,0.99482,3.13,0.42,11.35,5
9.76,0.267,0.18,2.84,0.065,25,64,0.99721,3.33,0.93,8.47,5
10.3,0.488,0.318,5.89,0.093,37,73,0.99829,3.03,0.82,10.58,7
11.05,0.509,0.233,3.96,0.058,18,49,0.9978,3.33,0.89,9.83,5
8.59,0.312,0.142,4.4,0.103,25,70,0.99633,3.42,0.77,9.5,4
7.06,0.823,0.465,4.7,0.055,35,55,0.99801,3.5,0.59,10.71,4
9.97,0.824,0.091,4.45,0.1,3,24,0.99809,3.11,0.61,10.6,6
6.73,0.492,0.31,2.32,0.067,7,22,0.99597,3.52,0.62,12.28,6
6.99,0.12,0.347,1.2,0.049,16,43,0.99633,3.37,0.63,10.34,7
10.89,0.431,0.645,2.62,0.167,12,25,0.99625,3.26,0.76,8.4,5
6.97,0.53,0.014,3.25,0.078,15,33,0.99741,3.46,0.69,10.08,5
7.45,0.511,0.155,3.77,0.054,12,35,0.99767,3.27,0.85,8.7,4
8.95,0.276,0.188,2.12,0.106,9,15,0.99666,3.29,0.5,8.79,5
6.02,0.375,0.651,3.04,0.065,9,41,0.9958,3.32,0.33,11.36,7
7.08,0.573,0.12,2.81,0.108,13,30,0.99533,3.43,0.71,8.51,5
8.98,0.462,0.239,1.63,0.074,13,22,0.99788,3.04,0.86,10.5,5
6.54,0.12,0.245,2.37,0.045,13,106,0.99702,3.31,0.89,10.57,6
6.03,0.389,0.352,1.88,0.042,20,44,0.99543,3.46,0.73,11.89,6
6.66,0.227,0.098,1.96,0.079,6,18,0.99593,3.28,0.6,9.51,7
9.71,0.737,0.225,0.9,0.066,3,28,0.99628,3.28,0.58,10.51,5
8.01,0.399,0.341,2.18,0.078,35,44,0.99779,3.27,0.67,10.34,5
8.91,0.783,0.166,2.68,0.064,1,30,0.99635,3.31,0.54,9.08,4
8.77,0.567,0.065,2.05,0.201,41,83,0.99547,3.3,0.61,10.31,6
8.41,0.608,0.264,1.91,0.05,7,50,0.99722,3.36,0.53,8.4,6
7.79,0.468,0.563,2.21,0.111,3,17,0.99598,3.33,0.59,11.08,6
8.3,0.531,0.272,2.6,0.063,20,92,0.99699,3.39,0.64,11.53,5
6.7,0.823,0.0,2.18,0.062,30,39,0.99636,3.3,0.58,10.29,5
9.54,0.336,0.53,3.08,0.075,10,43,0.9975,3.32,0.72,11.07,6
9.21,0.622,0.105,1.72,0.106,13,42,0.99573,3.1,0.77,12.46,6
5.88,0.509,0.0,2.9,0.06,18,37,0.99807,3.28,0.93,8.82,4
6.07,0.629,0.714,2.05,0.037,10,74,0.99613,3.45,0.72,12.02,5
8.18,0.298,0.505,2.84,0.078,13,33,0.99626,3.05,0.64,11.45,6
8.74,0.483,0.374,2.76,0.081,25,38,0.99662,3.34,0.66,9.6,4
6.95,0.592,0.258,1.22,0.226,34,62,0.99472,3.2,0.64,12.08,6
7.99,0.823,0.123,1.25,0.11,14,31,0.99627,3.35,0.44,8.63,5
9.34,0.176,0.239,2.52,0.039,5,44,0.99682,3.32,0.69,9.43,6
10.43,0.64,0.589,1.9,0.068,19,41,0.99681,3.32,0.77,10.76,5
7.17,0.442,0.396,2.0,0.055,24,31,0.99523,3.29,0.53,12.79,6
8.45,0.426,0.0,4.63,0.043,20,70,0.99643,3.19,0.45,10.69,5
6.94,0.557,0.263,3.41,0.048,2,35,0.9947,3.34,0.87,9.2,5
8.16,0.388,0.352,2.74,0.062,9,14,0.99688,3.36,0.55,11.16,6
7.5,0.628,0.597,2.7,0.073,24,28,0.99636,3.39,0.68,10.7,5
10.41,0.527,0.081,1.75,0.068,18,103,0.99587,3.4,0.44,11.11,5
7.35,0.945,0.406,2.94,0.052,23,82,0.99702,3.2,0.64,10.16,5
7.55,0.358,0.063,1.54,0.058,7,12,0.99669,3.24,0.9,9.95,5
6.96,0.807,0.106,2.64,0.067,14,51,0.99481,3.37,0.42,11.15,5
8.85,0.643,0.271,1.11,0.055,34,71,0.99631,3.06,0.62,10.29,6
10.69,0.12,0.584,6.23,0.079,5,16,0.99695,3.43,0.73,11.34,6
8.11,0.605,0.156,2.16,0.071,15,81,0.99611,3.34,0.74,12.4,5
7.47,0.204,0.298,2.65,0.066,14,38,0.99611,3.58,0.64,11.05,6
10.14,0.484,0.046,2.83,0.063,26,82,0.9969,3.11,0.7,11.18,5
8.13,0.67,0.222,3.63,0.163,4,60,0.99476,3.34,0.75,12.42,5
11.88,0.541,0.138,5.65,0.094,16,41,0.99778,3.23,0.92,10.2,5
7.69,0.494,0.101,1.65,0.06,19,23,0.99577,3.19,0.42,10.0,5
8.76,0.364,0.415,1.64,0.083,4,38,0.99727,3.56,0.68,10.59,5
8.42,0.714,0.52,7.76,0.085,5,45,0.99896,3.26,0.76,10.1,5
7.56,0.12,0.365,2.18,0.057,13,21,0.99637,3.1,0.78,8.96,5
8.17,0.523,0.305,2.26,0.064,18,50,0.99641,3.25,0.75,9.14,5
7.96,0.785,0.3,2.62,0.082,8,24,0.9961,3.46,0.62,10.91,6
8.01,0.608,0.855,1.52,0.084,18,26,0.99533,3.22,0.33,12.67,6
8.83,0.432,0.373,3.49,0.053,19,37,0.9962,3.19,0.56,11.48,6
8.83,0.416,0.22,1.74,0.073,2,18,0.99599,3.35,0.33,10.35,6
7.5,0.67,0.194,0.91,0.07,39,51,0.99459,3.32,0.69,10.36,5
8.63,0.734,0.419,3.57,0.106,8,46,0.99652,3.41,0.47,10.25,4
9.38,0.475,0.52,2.11,0.115,4,24,0.99836,3.47,0.55,10.04,5
11.57,0.792,0.132,4.02,0.059,9,14,0.99746,3.32,0.65,11.71,5
9.81,0.388,0.354,1.49,0.097,18,72,0.9959,3.52,0.52,9.37,5
4.6,0.498,0.093,2.49,0.059,26,35,0.99617,3.63,0.89,10.3,6
10.03,0.479,0.33,1.37,0.065,27,51,0.99679,3.07,0.62,9.7,5
8.33,0.848,0.444,2.56,0.05,4,29,0.99726,3.35,0.92,9.52,5
8.0,0.741,0.0,2.35,0.151,6,18,0.99664,3.22,0.84,10.76,5
6.43,0.569,0.501,1.66,0.064,19,34,0.99391,3.22,0.62,10.69,5
4.6,0.591,0.0,3.01,0.072,12,66,0.99553,3.29,0.67,10.35,5
9.66,0.37,0.434,2.34,0.071,18,79,0.99504,3.08,0.65,12.58,6
8.93,0.191,0.219,2.09,0.374,3,30,0.99656,3.27,0.57,10.76,5
9.86,0.65,0.287,2.18,0.044,25,30,0.99607,3.36,0.86,9.76,5
7.41,0.93,0.376,2.02,0.093,3,18,0.99567,3.41,0.82,11.0,5
8.39,0.462,0.0,1.83,0.084,18,37,0.99669,3.47,0.71,10.58,5
7.57,0.355,0.42,1.34,0.055,8,16,0.99636,3.27,0.71,10.65,6
7.38,0.805,0.088,1.26,0.095,3,59,0.99689,3.22,1.09,11.48,6
13.54,0.737,0.488,2.13,0.091,10,48,0.99633,3.13,0.49,9.03,4
7.33,0.687,0.159,2.69,0.079,9,48,0.99545,3.37,0.85,10.62,5
9.15,0.389,0.61,2.31,0.06,31,37,0.99736,3.26,0.73,9.09,6
8.77,0.771,0.0,3.03,0.057,13,33,0.99596,3.29,0.71,10.74,6
6.4,0.726,0.384,3.12,0.035,18,65,0.99754,3.36,0.47,11.98,5
7.48,0.742,0.564,2.75,0.068,8,19,0.99783,3.37,0.67,11.67,5
9.31,0.621,0.146,1.43,0.193,5,32,0.99522,3.23,0.67,11.44,5
7.36,0.425,0.287,2.46,0.04,23,48,0.9961,3.49,0.52,10.17,5
8.9,0.735,0.098,1.47,0.06,13,62,0.99712,3.26,0.73,11.04,5
9.23,0.433,0.285,3.87,0.061,25,36,0.99621,3.2,0.63,10.31,6
8.9,0.549,0.141,0.97,0.096,10,35,0.99609,3.32,0.62,10.18,5
8.73,0.5,0.424,3.85,0.06,11,46,0.99651,3.35,0.59,8.4,5
8.46,0.467,0.0,1.57,0.118,19,57,0.99593,3.41,0.62,11.2,5
7.79,0.475,0.0,3.59,0.066,33,56,0.99705,3.38,0.52,10.87,5
6.26,0.907,0.393,1.92,0.042,20,63,0.99659,3.38,0.73,12.05,6
9.16,0.502,0.345,2.21,0.056,10,39,0.99706,3.17,0.7,10.44,6
10.0,0.621,0.246,0.95,0.067,15,33,0.99475,3.2,0.99,8.87,4
8.28,0.487,0.398,1.82,0.101,19,101,0.99739,3.45,0.79,11.44,5
8.23,0.616,0.509,2.28,0.067,20,87,0.99559,3.38,0.9,8.85,6
8.76,0.814,0.273,1.61,0.118,7,32,0.99638,3.37,0.62,10.32,5
7.86,0.698,0.154,1.68,0.096,23,26,0.99656,3.26,0.41,9.86,4
5.04,0.584,0.221,2.91,0.111,24,39,0.99661,3.38,0.71,9.9,4
6.55,0.504,0.341,1.75,0.085,9,45,0.99657,3.34,0.58,9.69,6
5.92,0.503,0.195,4.09,0.049,14,25,0.99758,3.42,0.47,9.17,4
9.02,0.449,0.0,3.49,0.071,19,62,0.99677,3.31,0.66,11.87,6
10.79,0.497,0.185,2.75,0.091,16,23,0.99664,3.18,0.68,10.82,5
8.21,0.12,0.243,3.52,0.047,6,18,0.9977,3.0,0.62,9.49,5
11.17,0.274,0.372,3.11,0.055,20,57,0.99574,2.87,0.35,9.07,4
8.36,0.669,0.507,1.21,0.072,12,21,0.99541,3.33,0.74,11.46,5
8.48,0.38,0.538,1.0,0.088,7,20,0.99514,3.3,0.65,10.26,6
7.94,0.375,0.563,3.23,0.069,25,60,0.9967,3.26,0.75,9.31,5
6.53,0.492,0.062,1.72,0.078,46,53,0.99538,3.27,0.75,11.16,7
8.51,0.519,0.162,1.41,0.114,10,23,0.99569,3.29,0.36,8.77,4
9.18,0.12,0.245,1.37,0.051,4,22,0.99693,3.25,0.65,10.24,7
7.96,0.351,0.195,1.82,0.073,9,21,0.99663,3.2,0.65,12.28,7
11.96,0.445,0.336,1.83,0.094,8,65,0.99464,3.32,0.72,10.71,6
6.79,0.329,0.017,1.84,0.041,34,56,0.99626,3.38,0.7,8.66,6
8.38,0.507,0.236,2.65,0.111,12,47,0.99707,3.27,0.52,10.47,5
7.02,0.486,0.314,1.48,0.093,7,33,0.99609,3.51,0.52,10.2,6
7.58,0.3,0.154,5.78,0.147,23,100,0.99705,3.25,0.55,12.18,5
6.84,0.566,0.418,2.31,0.078,13,40,0.9966,3.4,0.62,9.83,6
6.28,0.56,0.427,3.01,0.085,16,54,0.99691,3.47,0.52,9.91,5
7.19,0.214,0.287,2.38,0.061,12,43,0.99763,3.38,0.77,9.16,5
7.8,0.464,0.437,4.71,0.035,32,62,0.99726,3.41,0.77,8.71,5
7.61,0.58,0.362,2.43,0.173,9,20,0.9962,3.21,0.54,10.71,5
7.89,0.914,0.193,4.9,0.131,21,38,0.99654,3.09,0.66,10.58,5
8.57,0.458,0.073,1.97,0.1,23,82,0.99583,3.19,0.67,8.4,3
4.96,0.269,0.452,2.75,0.09,22,96,0.99602,3.53,0.85,11.43,6
10.06,0.713,0.488,2.0,0.052,14,21,0.99601,3.37,0.48,10.37,5
7.99,0.49,0.304,1.74,0.059,19,40,0.99682,3.15,0.82,10.29,5
4.6,0.62,0.067,2.2,0.078,21,32,0.99676,3.45,0.73,11.23,5
6.84,0.453,0.04,2.15,0.033,33,64,0.99793,3.47,0.55,10.66,6
6.67,0.591,0.572,1.34,0.122,14,37,0.99556,3.46,0.63,10.97,6
10.1,0.635,0.549,3.65,0.048,7,34,0.99727,3.28,0.81,10.84,5
9.83,0.657,0.394,4.75,0.063,2,49,0.99811,3.38,0.69,9.84,5
7.92,0.272,0.194,1.97,0.077,6,36,0.99766,3.37,0.76,12.49,7
6.6,0.512,0.165,2.04,0.074,28,105,0.99661,3.58,0.49,9.82,5
7.03,0.727,0.0,2.17,0.101,36,84,0.99548,3.4,0.88,10.9,7
5.28,0.67,0.034,4.08,0.1,13,32,0.99843,3.34,0.61,10.08,4
7.15,0.718,0.301,2.4,0.103,15,34,0.99766,3.34,0.73,11.98,7
9.89,0.801,0.113,2.97,0.088,6,36,0.99795,3.23,0.7,10.33,4
10.08,0.804,0.386,1.02,0.106,40,73,0.9954,3.14,0.47,11.3,5
7.36,0.557,0.249,1.59,0.133,28,66,0.99584,3.29,0.84,10.18,5
9.05,0.397,0.437,2.39,0.087,15,27,0.99643,3.3,0.45,11.92,6
8.32,0.569,0.367,2.24,0.043,35,44,0.99626,3.22,0.61,10.28,5
8.08,0.283,0.056,2.03,0.086,12,59,0.99651,3.18,0.66,10.9,6
5.89,0.836,0.158,1.14,0.098,32,42,0.99582,3.31,0.72,10.18,5
8.3,0.239,0.229,3.39,0.042,5,20,0.99605,3.29,0.96,10.77,6
6.15,0.489,0.233,2.05,0.083,17,82,0.99762,3.33,0.65,9.78,5
7.43,0.482,0.069,2.77,0.117,21,71,0.99537,3.34,0.83,8.96,5
11.19,0.595,0.65,2.94,0.104,4,41,0.99665,3.26,0.44,10.59,5
8.17,0.312,0.484,1.52,0.068,17,72,0.99648,3.41,0.79,11.28,6
9.74,0.586,0.172,2.67,0.073,4,34,0.99694,3.28,0.9,9.54,5
10.31,0.12,0.293,1.79,0.055,10,64,0.99602,3.27,0.57,11.52,5
7.32,0.374,0.092,1.43,0.056,28,60,0.99677,3.27,0.67,11.84,6
8.34,0.68,0.008,5.2,0.119,11,16,0.99617,3.27,0.44,10.47,4
8.37,0.522,0.363,4.63,0.062,3,31,0.9973,3.29,0.9,11.51,7
10.42,0.229,0.437,2.05,0.082,34,39,0.99658,3.41,0.79,10.48,6
9.26,0.553,0.042,2.78,0.062,20,92,0.99678,3.32,0.78,9.5,4
8.64,0.249,0.321,2.18,0.063,2,24,0.99608,3.21,0.5,9.01,5
10.06,0.365,0.232,2.61,0.058,17,21,0.99464,3.28,0.78,9.76,6
7.96,0.535,0.0,4.99,0.069,4,27,0.99784,3.23,0.72,10.9,7
8.96,0.365,0.523,2.38,0.135,9,41,0.99689,3.21,0.66,8.4,6
12.68,0.324,0.674,1.13,0.105,10,49,0.99618,3.07,0.89,9.27,6
7.3,0.452,0.385,2.84,0.055,9,43,0.99517,3.54,0.8,10.75,5
8.38,0.412,0.255,3.02,0.055,3,26,0.99742,3.38,0.57,11.05,6
9.77,0.487,0.244,1.06,0.067,14,32,0.99627,3.19,0.65,8.97,6
10.23,0.514,0.017,2.96,0.126,22,35,0.99478,3.44,0.56,9.41,4
9.59,0.737,0.0,1.76,0.102,14,106,0.99657,3.5,0.62,9.57,4
10.49,0.319,0.069,2.19,0.115,10,25,0.99633,3.41,0.66,10.86,5
8.96,0.704,0.259,1.74,0.127,14,23,0.9951,3.25,0.71,9.67,4
8.92,0.349,0.339,2.18,0.05,4,14,0.99506,3.33,0.33,9.88,4
8.81,0.396,0.147,1.51,0.111,2,67,0.99549,3.33,0.86,10.49,5
7.42,0.635,0.387,3.8,0.066,9,40,0.99678,3.08,0.64,10.51,6
8.18,0.347,0.154,1.36,0.053,11,58,0.99654,3.38,0.67,9.93,5
7.15,0.62,0.0,1.21,0.093,5,19,0.99603,3.34,0.55,11.02,5
8.73,0.682,0.387,3.16,0.109,11,28,0.99827,3.11,0.81,11.43,6
5.92,0.349,0.14,1.17,0.035,7,40,0.9959,3.27,0.79,11.7,8
7.16,0.424,0.386,2.53,0.117,15,22,0.99734,3.23,0.53,9.86,6
11.23,0.434,0.357,0.91,0.063,9,40,0.99601,3.17,0.79,11.02,4
9.3,0.542,0.335,1.65,0.089,4,31,0.99684,3.36,0.68,11.53,6
8.41,0.297,0.545,5.87,0.05,7,50,0.99576,3.23,0.57,9.53,5
10.26,0.21,0.057,4.0,0.085,37,65,0.9989,3.39,0.64,8.8,5
10.56,0.629,0.554,1.15,0.087,13,22,0.99573,3.23,0.52,10.19,3
7.0,0.395,0.588,1.81,0.089,12,33,0.99507,3.27,0.67,9.12,5
9.99,0.629,0.167,5.15,0.071,14,39,0.99654,3.32,0.68,9.98,6
6.33,0.578,0.393,1.45,0.088,4,29,0.99676,3.55,0.78,11.45,6
7.38,0.551,0.312,1.02,0.142,19,72,0.99517,3.31,0.48,12.1,6
